:020000040800F2
:100000000068002085020008795F0008754000083C
:10001000FD590008CD0A0008A17400080000000086
:10002000000000000000000000000000C501000802
:10003000631F00080000000021020008FB670008A1
:100040009F0200089F0200089F0200089F0200080C
:100050009F0200089F0200089F0200089F020008FC
:100060009F0200089F0200089F020008CD1D0008A3
:10007000E91D0008F91D0008091E0008191E0008E6
:100080009F020008291E00089F0200089F02000826
:100090009F0200089F0200089F0200089F020008BC
:1000A0009F0200089F0200089F0200089F020008AC
:1000B0009F0200089F0200089F0200089F0200089C
:1000C0009F0200089F0200089F0200089F0200088C
:1000D0009F020008257400089F0200089F02000884
:1000E0009F0200089F0200089F0200089F0200086C
:1000F0009F0200089F0200089F0200089F0200085C
:100100009F0200089F0200089F0200089F0200084B
:10011000196B00089F020008E16800089F020008B0
:100120009F0200089F020008391E00089F02000875
:100130009F0200089F0200089F0200089F0200081B
:100140009F0200089F0200089F0200089F0200080B
:10015000491E00089F0200089F0200089F02000835
:100160009F0200089F0200089F0200089F020008EB
:100170009F0200089F0200089F0200080000000084
:100180009F0200089F020008296B0008196C0008F4
:100190009F0200089F0200089F0200089F020008BB
:1001A00000000000000000009F020008DFF810D0EF
:1001B00000F032FC0048004705A80008AFF30080BB
:1001C000006800202C4B19680868B0E8F04F80F3F5
:1001D0000988BFF36F8F4FF0000080F311887047DC
:1001E0000000000008480068006880F308884FF0AD
:1001F000000080F3148862B661B6BFF34F8FBFF37F
:100200006F8F00DF00BF00BF08ED00E0DFF80C00DB
:10021000016841F470010160704700BF88ED00E0A3
:10022000EFF30980BFF36F8F134B1A681EF0100FA6
:1002300008BF20ED108A20E9F04F106009B44FF09C
:10024000500080F31188BFF34F8FBFF36F8F0BF017
:1002500087FF4FF0000080F3118809BC1968086817
:10026000B0E8F04F1EF0100F08BFB0EC108A80F31A
:100270000988BFF36F8F70472C000020EFF30580D3
:10028000704700000648804706480047FEE7FEE743
:10029000FEE7FEE7FEE7FEE7FEE7FEE7FEE7FEE736
:1002A000CD680008AD0100082DE9F05F054600208B
:1002B00092469B4688460646814640241BE02846D7
:1002C00041464746224600F060FA53465A46C01A55
:1002D000914110D311461846224600F047FA2D1AD4
:1002E00067EB01084F4622460120002100F03EFA4C
:1002F00017EB00094E41201EA4F10104DFDC484643
:1003000031462A464346BDE8F09F40EA01039B0779
:1003100003D009E008C9121F08C0042AFAD203E07A
:1003200011F8013B00F8013B521EF9D27047D2B2DE
:1003300001E000F8012B491EFBD270470022F6E7CE
:1003400010B513460A4604461946FFF7F0FF20464B
:1003500010BD2DE9FE4F804681EA0300C00F0C4618
:10036000009021F0004123F00045B8EB0200A941C4
:1003700005D24046214690461C460B46024623F0D5
:100380000040104347D0270DC7F30A00C3F30A51BA
:100390000290401A019040286BDAC3F3130040F436
:1003A000801B0098924620B10023D2EB030A63EB36
:1003B0000B0B01985946C0F14002504600F0D6F9A7
:1003C00006460D4650465946019A00F0EEF910EBEC
:1003D00008006141002487EA115284EAE7731A4356
:1003E00040D0009A62B3019A012A4FEA075215DC05
:1003F000001B61EB02014FF0004202EA0752CDE917
:100400000042001C41F5801132462B4600F04EFAA6
:1004100003B0BDE8F08F40462146F9E7001B61EBD1
:100420000201001C41F5801300185B412018A2F561
:10043000001747EB030140EAD570B6196D4111E092
:100440006D084FEA360645EAC0754FEA0752001BB1
:1004500061EB0201001C41F5801149084FEA3000B0
:100460000019514132462B4603B0BDE8F04F00F071
:100470000EBA0098012240000023D0EB020263EB89
:10048000E073009821464FEAE074B8EB000061EB9E
:100490000401E9E783F000435BE781F0004158E79E
:1004A0002DE9FE4F81EA030404F0004421F00041ED
:1004B00000944FF0000B23F0004350EA01045ED09B
:1004C00052EA03045BD0C3F30A54C1F30A552C4427
:1004D000A4F2F3340194A0FB0254C1F3130141F4DC
:1004E0008011C3F3130343F4801301FB024400FBA8
:1004F000034E840A970A44EA815447EA8357A4FBCF
:10050000076802958D0A05FB07854FEA932C04FBCB
:100510000C542705029D4FEA065847EA1637B5EBFB
:1005200008056EEB070C870E920E47EA811742EA28
:100530008312A7FB0201B6EB0B0164EB00042B0D49
:1005400043EA0C335E1844EB1C50DA465146E7FB95
:100550000201C5F313044FEA0B3343EA14534FEA85
:100560000432019C43EA0603A4F10C040294009CAB
:10057000CDE900B400F09AF903B0BDE8F08F002097
:100580000146F9E72DE9F04D81EA030404F0004B40
:1005900021F0004514464FF0000A23F0004150EAD4
:1005A000050220D054EA01021DD0C5F30A570246C5
:1005B000C5F31303C1F31300C1F30A5640F48015C9
:1005C00043F48013A7EB0608101BD64608F2FD384B
:1005D00073EB050002D308F1010801E092185B41BA
:1005E000B8F1000F03DA00200146BDE8F08D0020CD
:1005F0004FF48011064684460EE0171B73EB050787
:1006000005D3121B63EB050306434CEA010C4908B2
:100610004FEA300092185B4150EA0107EDD152EAEF
:10062000030012D082EA040083EA0501084305D0E2
:10063000101BAB4106D20122002306E000224FF03E
:10064000004302E06FF0010253101AEB06004CEB7E
:10065000085110EB0A0041EB0B01BDE8F04D00F032
:1006600016B90EB5C10F80EAE0700844CA07002130
:1006700040F233438DE80E000A460B4600F016F9AF
:1006800003B000BD0EB540F2334102910021CDE927
:1006900000110A460B4600F009F903B000BD70B521
:1006A000C1F30A5201F000450024C1F3130140F2E6
:1006B000FF3341F480119A4201DA002070BD40F20C
:1006C00033439A42A2F2334203DC524200F05DF817
:1006D00000E090402C43F1D0404270BD00F0004259
:1006E00030F000400AD0C10D01F56071C0F3160072
:1006F00042EA0151C20840071143704700200146F9
:100700007047000030B5041E71F1000404DB4FF0A7
:100710000044404264EB0101141E73F1000405DB48
:100720001C464FF00043524263EB0403994208BF5A
:10073000904230BD01F0004330B421F0004150EA56
:10074000010206D00A0DA2F56072C1F31301002A5E
:1007500002DC30BC00207047440F44EAC104C100F1
:10076000E01830BC00EBC25000F031B8202A04DBA6
:10077000203A00FA02F1002070479140C2F12003B4
:1007800020FA03F3194390407047202A04DB203AF3
:1007900021FA02F00021704721FA02F3D040C2F1A1
:1007A00020029140084319467047202A06DBCB17E8
:1007B000203A41FA02F043EAE07306E041FA02F31C
:1007C000D040C2F1200291400843194670470029E9
:1007D000A8BF7047401C490008BF20F001007047C7
:1007E00010B4B0FA80FC00FA0CF050EA010404BF27
:1007F00010BC704749B1CCF1200421FA04F411FA7D
:100800000CF118BF012121430843A3EB0C01CB1DC0
:100810004FEA00614FEA102042BF002010BC704731
:1008200000EBC35010440029A4BF10BC7047401C0B
:10083000490008BF20F0010010BC7047F0B400F080
:10084000004221F0004120F00040CE0DC30DC1F365
:10085000160141F40001C0F316004C42154640F465
:100860000000761E09E010EB440002D582F0004241
:1008700040428842F7D840005B1EB342F9DA18B113
:10088000F0BC0021FFF7ACBF2846F0BC704710B5A4
:10089000141E73F1000408DA401C41F100019218A3
:1008A0005B411A4301D120F0010010BD2DE9F04D4C
:1008B00092469B4611B1B1FA81F202E0B0FA80F2A1
:1008C00020329046FFF752FF04460F4640EA0A00E6
:1008D00041EA0B0153465A46084313D0114653EAE6
:1008E000010019D0C8F140025046FFF74EFF0546FF
:1008F0000E46504659464246FFF738FF084305D09A
:10090000012004E020463946BDE8F08D0020054373
:1009100046EAE0762C4337430A986305E40AA0EBE5
:1009200008000022FD0A44EA47540A3002D500209C
:100930000146E9E7010510196941DDE9084500199B
:100940006941BDE8F04DA2E770B521F000430343D3
:100950000CD0C1F30A550024D5EB040564EB040365
:10096000D617AD1AB34102DB0020014670BD201836
:1009700041EB025170BD2DE9F04D00231A461B1AC0
:100980008A4103DB00200146BDE8F08DC1F30A5225
:10099000C1F3130141F480154FF0000BD10702D1D0
:1009A00000186D41521E0027044640F2FF113846E0
:1009B00001EB620A3E468046024600204FF4801159
:1009C000FFF7E3FEC2197141BB1846EB0100B4EB1F
:1009D000030C75EB000C04D3E41A65EB0005174615
:1009E0000E46241908F101006D4180463428E3DDEC
:1009F000F91946EB0600091BA84103D24FF0FF325C
:100A0000134601E0002213461BEB070046EB0A5198
:100A1000BDE8F04DFFF73BBF064C074D06E0E06830
:100A200040F0010394E8070098471034AC42F6D335
:100A3000FFF7C0FB8CD60008ACD6000870B58C1848
:100A400010F8015B15F0070301D110F8013B2A11E2
:100A500006D110F8012B03E010F8016B01F8016BCF
:100A60005B1EF9D12B0705D40023521E0DD401F8CB
:100A7000013BFAE710F8013BCB1A921C03E013F894
:100A8000015B01F8015B521EF9D5A142D8D30020C9
:100A900070BD000010E0094803F06AFB08480078C8
:100AA00030B108480078012802D1044809F030FA32
:100AB000032105480BF08CF9EDE700005861002098
:100AC0007D060020AC0000205806002000BFFEE795
:100AD00070B506460D4614460F2E0BD1484890EDD2
:100AE000000A484880ED000A474890ED000A474850
:100AF00080ED000A002E44D1207820B3B5F906001D
:100B0000B0F5C86F1FDD00200EE09FED410A41499E
:100B100001EB801181ED0C0A9FED3F0A3D4901EB8D
:100B2000801181ED0D0A401C0828EEDB344890ED61
:100B3000000A344880ED000A334890ED000A33483B
:100B400080ED000A5BE0B5F90600B0F57A7F56DA71
:100B50002078002853D000200EE09FED300A2D4968
:100B600001EB801181ED0C0A9FED2D0A294901EB63
:100B7000801181ED0D0A401C0828EEDB002020705A
:100B80003DE00D2E3BD12078E0B9B5F90600B0F577
:100B9000C86F17DD00200EE09FED220A1D4901EB12
:100BA000801181ED0C0A9FED1C0A1A4901EB80119E
:100BB00081ED0D0A401C0828EEDB9FED1B0A00F0BA
:100BC000CBFA1CE0B5F90600B0F57A7F17DA207889
:100BD000A8B900200EE09FED110A0E4901EB80112B
:100BE00081ED0C0A9FED0E0A0A4901EB801181ED9F
:100BF0000D0A401C0828EEDB2078401C207070BDD8
:100C00006C06002060060020700600205C060020B4
:100C10003333B33ED05300208FC2F53C6666C63FE7
:100C20007F6ABC3C9A99193E0000204300200AE0EC
:100C3000064901EB801181ED0C0A044901EB80119A
:100C4000C1ED0D0A401C0828F2DB7047D05300208C
:100C500010B502460023002004E0145C1C44E3B2FB
:100C6000441CE0B28842F8DBD843401CC0B210BD3F
:100C700010B588B0044601F001FD00EE100AB8EE90
:100C8000400ADFEDFD0A80EE201AFC4880ED001AD4
:100C9000062C75D006DC012C73D0042C07D0052C53
:100CA00070D101E1072C6ED00D2CF9D105E2F4488A
:100CB0000078012868D1F34890ED010AF248D0EDA0
:100CC000000A30EE600AEF4880ED010A90ED0A0A52
:100CD000ED48D0ED000A30EE600AEA4880ED0A0ADD
:100CE00090ED130AE848D0ED000A30EE200AE548FE
:100CF00080ED130A90ED1C0AE348D0ED000A30EEB7
:100D0000200AE04880ED1C0A90ED010AF3EE000A8B
:100D1000B4EEE00AF1EE10FA04DDB3EE000A80ED65
:100D2000010A0FE0D74890ED010AFBEE000AB4EE8D
:100D3000E00AF1EE10FA04D2BBEE000A80ED010ADF
:100D400000E000BFCF4890ED0A0AF3EE000AB4EECF
:100D5000E00AF1EE10FA04DDB3EE000A80ED0A0AB3
:100D600014E0C84890ED0A0AFBEE000AB4EEE00A6F
:100D7000F1EE10FA09D2BBEE000A80ED0A0A05E096
:100D800093E069E0C1E161E13EE000BFBD4890ED64
:100D9000130AF3EE000AB4EEE00AF1EE10FA04DDF5
:100DA000B3EE000A80ED130A0FE0B64890ED130A87
:100DB000FBEE000AB4EEE00AF1EE10FA04D2BBEE4C
:100DC000000A80ED130A00E000BFAE4890ED1C0A57
:100DD000F3EE000AB4EEE00AF1EE10FA04DDB3EE31
:100DE000000A80ED1C0A0FE0A64890ED1C0AFBEEFD
:100DF000000AB4EEE00AF1EE10FA04D2BBEE000AEB
:100E000080ED1C0A00E000BF6946DFEDA00A9D48A6
:100E10009A4A92ED000A00F0C9FE02A9DFED9C0A91
:100E200098482430954A92ED000A00F0BFFE04A9CC
:100E3000DFED970A93484830904A92ED000A00F09F
:100E4000B5FE06A9DFED910A8E486C308B4A92ED13
:100E5000000A00F0ABFE59E16946DFED8C0A8948D3
:100E6000864A92ED000A00F0A1FE02A9DFED880A91
:100E700084482430814A92ED000A00F097FE04A9CC
:100E8000DFED830A7F4848307C4A92ED000A00F08B
:100E90008DFE06A9DFED7D0A7A486C30774A92ED27
:100EA000000A00F083FE31E100BF75480078012898
:100EB00074D1744890ED010A7348D0ED000A30EE09
:100EC000600A704880ED010A90ED0A0A6E48D0ED84
:100ED000000A30EE600A6B4880ED0A0A90ED130AB2
:100EE0006948D0ED000A30EE200A664880ED130A0A
:100EF00090ED1C0A6448D0ED000A30EE200A6148EB
:100F000080ED1C0A90ED010AF3EE000AB4EEE00A4F
:100F1000F1EE10FA04DDB3EE000A80ED010A0FE0F5
:100F2000584890ED010AFBEE000AB4EEE00AF1EE3B
:100F300010FA04D2BBEE000A80ED010A00E000BF07
:100F4000504890ED0A0AF3EE000AB4EEE00AF1EE22
:100F500010FA04DDB3EE000A80ED0A0A0FE04948FA
:100F600090ED0A0AFBEE000AB4EEE00AF1EE10FA88
:100F700004D2BBEE000A80ED0A0A00E000BF41483F
:100F800090ED130AF3EE000AB4EEE00AF1EE10FA67
:100F900005DDB3EE000A80ED130A10E02EE03948BB
:100FA00090ED130AFBEE000AB4EEE00AF1EE10FA3F
:100FB00004D2BBEE000A80ED130A00E000BF314806
:100FC00090ED1C0AF3EE000AB4EEE00AF1EE10FA1E
:100FD00004DDB3EE000A80ED1C0A0FE0294890ED15
:100FE0001C0AFBEE000AB4EEE00AF1EE10FA04D29D
:100FF000BBEE000A80ED1C0A00E000BF6946DFED91
:10100000230A20481D4A92ED000A00F0CFFD02A9F4
:10101000DFED1F0A1B482430184A92ED000A00F049
:10102000C5FD04A9DFED1A0A16484830134A92EDAF
:10103000000A00F0BBFD06A9DFED140A11486C3070
:101040000E4A92ED000A00F0B1FD5FE06946DFED67
:101050000F0A0C48094A92ED000A00F0A7FD02A908
:10106000DFED0B0A07482430044A92ED000A00F035
:101070009DFD04A90EE0000000007A4484060020D3
:1010800004060020A8600020240600200AD7233C84
:101090005C8F023F5FED020A2B482C4A92ED000A5A
:1010A00000F084FD06A95FED070A27482430274A8F
:1010B00092ED000A00F07AFD28E069465FED0D0A26
:1010C00021484838214A92ED000A00F06FFD02A93C
:1010D0005FED110A1C4824381C4A92ED000A00F00A
:1010E00065FD04A95FED160A1748184A92ED000A3B
:1010F00000F05CFD06A95FED1B0A13482430134A7B
:1011000092ED000A00F052FD00BF00BF00BF0020BA
:1011100015E0694601EBC00191ED000A0C4901EBB5
:10112000800181ED000A694601EBC00191ED010AE1
:10113000084901EB800181ED000A411CC8B2042876
:10114000E7DB08B010BD0000F0600020840600203E
:1011500094610020A4610020DFED1E0AB4EEE00AD5
:10116000F1EE10FA00D27047DFED1B0AB4EEE00A90
:10117000F1EE10FA00DDF6E7DFED180A70EEC00AB6
:10118000B0EE600AF0EE000A80EE201AB0EE410ADE
:10119000DFED130A60EE200A9FED121AC0EE811AED
:1011A0001148D0ED000A71EEA00A1048C0ED000A07
:1011B000DFED0B0A60EE200A9FED0A1AC0EE811ADD
:1011C0000B48D0ED000A71EEA00A0A48C0ED000AF3
:1011D00000BFC8E7000070420000B443000048436D
:1011E000D00F494000003443700600205C06002008
:1011F0006C0600206006002010B5044609480078FF
:1012000068B109480078A0420AD00AF08DFC06486F
:1012100004700120054908700AF0B0FC00E010BD20
:1012200000BFFCE77D060020F4050020FC0500203F
:1012300070B52DED048B04460E461546B6F9000038
:10124000A0F5806000EE100AB8EEC00ADFEDDA0A01
:1012500080EE201AB0EE419AB6F90200A0F5806047
:1012600000EE100AB8EEC00ADFEDD30A80EE201AB5
:10127000F0EE419AB6F90400A0F5806000EE100A85
:10128000B8EEC00ADFEDCC0A80EE201AB0EE418A3B
:10129000B6F90600A0F5806000EE100AB8EEC00AAC
:1012A000DFEDC50A80EE201AF0EE418A052D09D047
:1012B000042D07D0012D05D0062D03D0072D01D018
:1012C0000D2D78D1B6F90000B0F5806F74D1B6F964
:1012D0000200B0F5806FF9D138EE880ADFEDB70A69
:1012E00020EE200A84ED010A38EE880ADFEDB30A09
:1012F00020EE200A84ED0A0A38EEC80ADFEDAF0AB4
:1013000020EE200A84ED130A38EEC80ADFEDAB0A9E
:1013100020EE200A84ED1C0A94ED060A78EE880A75
:1013200020EE200A84ED010A94ED0F0A78EE880A77
:1013300020EE200A84ED0A0A94ED180A78EEC80A15
:1013400020EE200A84ED130A94ED210A78EEC80AF3
:1013500020EE200A84ED1C0A94ED010AD4ED060A61
:10136000B4EEE00AF1EE10FA04DD94ED060A84ED25
:10137000010A12E094ED010AD4ED060AF1EE600ACA
:10138000B4EEE00AF1EE10FA06D294ED060AB1EEE0
:10139000400A84ED010A00E000BF94ED0A0AD4ED92
:1013A000060AB4EEE00AF1EE10FA06DD94ED060A44
:1013B00084ED0A0A14E0F9E054E094ED0A0AD4ED51
:1013C000060AF1EE600AB4EEE00AF1EE10FA06D277
:1013D00094ED060AB1EE400A84ED0A0A00E000BF6F
:1013E00094ED130AD4ED060AB4EEE00AF1EE10FA19
:1013F00004DD94ED060A84ED130A12E094ED130A5D
:10140000D4ED060AF1EE600AB4EEE00AF1EE10FA4D
:1014100006D294ED060AB1EE400A84ED130A00E00C
:1014200000BF94ED1C0AD4ED060AB4EEE00AF1EE1A
:1014300010FA04DD94ED060A84ED1C0AB6E094ED82
:101440001C0AD4ED060AF1EE600AB4EEE00AF1EEF1
:1014500010FA06D294ED060AB1EE400A84ED1C0A99
:10146000A4E0A3E0B6EE000A84ED050AB6EE000A99
:1014700084ED0E0AB6EE000A84ED170AB6EE000AF5
:1014800084ED200A39EE890AF1EE000A20EE200AE6
:1014900084ED010A39EE890AF1EE000A20EE200AF5
:1014A00084ED0A0A39EEC90AF1EE000A20EE200A9C
:1014B00084ED130A39EEC90AF1EE000A20EE200A83
:1014C00084ED1C0A94ED010AF1EE000AB4EEE00A84
:1014D000F1EE10FA04DDB1EE000A84ED010A0EE02F
:1014E00094ED010AF9EE000AB4EEE00AF1EE10FA0A
:1014F00004D2B9EE000A84ED010A00E000BF94EDC9
:101500000A0AF1EE000AB4EEE00AF1EE10FA04DD88
:10151000B1EE000A84ED0A0A0EE094ED0A0AF9EE33
:10152000000AB4EEE00AF1EE10FA04D2B9EE000AB5
:1015300084ED0A0A00E000BF94ED130AF1EE000A00
:10154000B4EEE00AF1EE10FA04DDB1EE000A84ED2B
:10155000130A0EE094ED130AF9EE000AB4EEE00A65
:10156000F1EE10FA04D2B9EE000A84ED130A00E09D
:1015700000BF94ED1C0AF1EE000AB4EEE00AF1EEB1
:1015800010FA04DDB1EE000A84ED1C0A0EE094EDC1
:101590001C0AF9EE000AB4EEE00AF1EE10FA04D2E9
:1015A000B9EE000A84ED1C0A00E000BF2846FFF7F0
:1015B00023FEBDEC048B70BD000025440000844177
:1015C00030B52DED068B89B005460024002006902D
:1015D0000790089001E0601CC4B2285D552801D036
:1015E0000B2CF8DB0B2C03DB09B0BDEC068B30BDFC
:1015F000281901680691416807910189ADF820100A
:10160000807A8DF822006CB1002000BF07E0295CD1
:10161000C4F10B02024406AB9954411CC8B2A0426B
:10162000F5DB00BF9DF81800552872D19DF8190010
:10163000512804D052286ED0532869D1BDE0DDF87E
:101640001A000490DDF81E000590BDF91000FFF7A8
:1016500008F841EC1A0B9FED840B53EC102BFEF7AE
:1016600091FF41EC190B9FED820B53EC102BFEF711
:1016700017FF41EC180B9FED800B53EC102BFEF77E
:101680000FFF41EC100B7E4880ED000BBDF91200FE
:10169000FEF7E7FF41EC1A0B9FED730B53EC102B99
:1016A000FEF770FF41EC190B9FED710B53EC102B03
:1016B000FEF7F6FE41EC180B9FED6F0B53EC102B71
:1016C000FEF7EEFE41EC100B6D4880ED020BBDF90C
:1016D0001400FEF7C6FF41EC1A0B9FED630B53ECB1
:1016E000102BFEF74FFF41EC190B9FED610B53ECF4
:1016F000102BFEF7D5FE41EC180B9FED5F0B53EC62
:10170000102BFEF7CDFE41EC100B5D4880ED040B75
:10171000A5E0A6E0FFE7DDF81A000290DDF81E0064
:101720000390BDF90800FEF79CFF41EC190B9FEDFB
:10173000550B53EC102BFEF7B3FE41EC180B9FED4D
:101740004A0B53EC102BFEF71DFF41EC100B4F48DA
:1017500080ED000BBDF90A00FEF783FF41EC190B89
:101760009FED480B53EC102BFEF79AFE41EC180B43
:101770009FED3D0B53EC102BFEF704FF41EC100BDB
:10178000424880ED020BBDF90C00FEF76AFF41EC08
:10179000190B9FED3C0B53EC102BFEF781FE41EC37
:1017A000180B9FED310B53EC102BFEF7EBFE41ECC9
:1017B000100B364880ED040B51E0DDF81A00009064
:1017C000DDF81E000190BDF90000FEF74AFF41EC74
:1017D000190B9FED2F0B53EC102BFEF761FE41EC24
:1017E000180B9FED210B53EC102BFEF7CBFE41ECB9
:1017F000100B294880ED000BBDF90200FEF731FF08
:1018000041EC190B9FED220B53EC102BFEF748FE19
:1018100041EC180B9FED140B53EC102BFEF7B2FEAE
:1018200041EC100B1C4880ED020BBDF90400FEF7E3
:1018300018FF41EC190B9FED160B53EC102BFEF724
:101840002FFE41EC180B9FED080B53EC102BFEF70D
:1018500099FE41EC100B104880ED040B00BF00BF57
:1018600000BF00BFC0E60000000000000000E04034
:1018700000000000000030409A99999999992340FE
:10188000E85E00200000000000409F40005F002054
:101890000000000000806640185F002070B505461B
:1018A0000C46B4F90000B0F5806F29D1B4F90200FC
:1018B000B0F5806F24D1B4F90400B0F5806F1FD16A
:1018C000B4F90600B0F5806F1AD1052009F0A2F92D
:1018D000B4F90000B0F5806F11D1B4F90200B0F591
:1018E000806F0CD1B4F90400B0F5806F07D1B4F962
:1018F0000600B0F5806F02D10820FFF77DFC70BDB7
:101900009A4800789A490978884214D0984806780D
:101910004FF4FA7009F07EF99448007894490978F8
:10192000884207D092480078B04203D190480078AE
:101930008E49087000BFB4F90800B0F5C86F09DD22
:101940008C4890ED020A8C4880ED000A01208B49FA
:10195000087007E0B4F90800B0F5C87F02DA00208B
:10196000864908700AF0E0F88048007822283BD0C9
:1019700008DC11280FD0122816D0132820D02128D7
:1019800079D126E023283AD0312877D0322874D074
:101990003328F5D1BFE001207949087004F098FDA3
:1019A0000820FFF729FCDBE00120754908700020C2
:1019B00074490870042221462846FFF739FCCFE01D
:1019C00000206F490870042221462846FFF730FCAA
:1019D000C6E000206A4908706A490870042221465E
:1019E0002846FFF725FCBBE00020654908706549E3
:1019F0000870052221462846FFF71AFCB0E00120B6
:101A00005F490870B4F90200B0F5C86F08DDB4F999
:101A10000600B0F5C86F03DD0B20FFF7EDFB29E0F2
:101A2000B4F90200B0F5C87F08DAB4F90600B0F5E1
:101A3000C87F03DA0A20FFF7DFFB1BE0B4F90200DE
:101A4000B0F5C86F08DDB4F90600B0F5C87F03DA59
:101A50000E20FFF7D1FB0DE0B4F9000040F2DC519D
:101A6000884207DDB4F90400B0F5FA7F02DA1120EC
:101A7000FFF7C2FB74E072E000E05FE00020404945
:101A80000870B4F90000B0F5C86F11DDDFED3E0A53
:101A90009FED3E0AFFF7CAF802203A4908709FED11
:101AA0003C0A3C4880ED000A01203B49087028E0D0
:101AB000B4F90000B0F5B97F11DADFED330A9FED1C
:101AC000330AFFF7B3F801202E4908709FED300A62
:101AD000324880ED000A01202F49087011E0B4F966
:101AE0000200B0F57A7F0CDA2B480078012808D183
:101AF000DFED2B0A9FED2B0AFFF798F8022026490D
:101B0000087025480078022804D10622214628467C
:101B1000FFF78EFB24E000201A490870224A214674
:101B2000FEF7D6FF0120164908701F48007820B93B
:101B3000072221462846FFF77BFB11E000201149D0
:101B40000870194A21460D20FEF7C2FF164800789A
:101B500020B10D2221462846FFF76AFB00E000BFB6
:101B600000BF0AF00BF800BFC9E600001506002010
:101B7000DA000020586100205406002004060020EE
:101B8000AC0000207C0600200AD7A33D3333B33ECF
:101B9000F266DFBE740600200506002078060020ED
:101BA0007F6ABC3C6666C63F1406002070B52DED0A
:101BB000088BF0EE408A0446B0EE609A0D4694ED34
:101BC000010AB5EEC00AF1EE10FA04D294ED010A52
:101BD000B1EE400A01E094ED010AB0EE408A75488A
:101BE000007801280BD073480078022807D071488C
:101BF0000078032803D06F480078042807D184EDCB
:101C0000089A6C480078401C6A49087002E000207D
:101C10006849087094ED080AD4ED050A94ED071A96
:101C200038EEC11A00EE810A84ED080AC4ED078A75
:101C3000D4ED080AB0EE600AF7EE000A06F084FC64
:101C400084ED080A94ED080AD4ED040AB4EEE00A23
:101C5000F1EE10FA68D8F0EE000A88EE200A94ED52
:101C6000081AD4ED041AC1EE210A10EE880A85ED97
:101C7000000A94ED080ADFED500A20EE200AD4EDA8
:101C8000040A80EE201AF0EE419AB0EE690A07F0DD
:101C90003FFBD4ED000A94ED021AB1EE411A41EE79
:101CA000000AC5ED010A95ED000A20EE000AD5ED07
:101CB000010A95ED011A00EE810A10EE101A08468D
:101CC000FEF70CFD41EC1B0B9FED3C1BB0EE4B0AED
:101CD000F0EE6B0A06F090FCB0EE40AAF0EE60AABF
:101CE00051EC1A0BFEF726FD3649486095ED010AC6
:101CF000D5ED000A80EE201A11EE106A3046FEF78C
:101D0000EDFC41EC1B0BB0EE4B0AF0EE6B0A06F05B
:101D1000A3F9B0EE40AAF0EE60AA51EC1A0BFEF760
:101D200009FD284908602EE094ED080AD4ED040A64
:101D300030EE600AD4ED040AB7EE001A71EE600AC4
:101D400080EE201AF0EE419AF0EE000A88EE200AAA
:101D5000F1EE690A00EE880A85ED000ADFED160A49
:101D600069EEA00AB0EE600A07F0D2FAD4ED000ADC
:101D700094ED031A41EE000AB7EE000A80EE801AD5
:101D800085ED011A00BF94ED010AB5EEC00AF1EE2F
:101D900010FA09D295ED000AB1EE400A85ED000A6D
:101DA00001200949087002E0002007490870BDECD5
:101DB000088B70BDFC050020DB0F494000000000CF
:101DC0000000E03FAC060020F505002010B50448F7
:101DD00000F054F92020034981F83D0010BD0000B7
:101DE00094090020D007002010B5024800F046F901
:101DF00010BD00003409002010B5024800F03EF983
:101E000010BD00001408002010B5024800F036F99B
:101E100010BD0000D408002010B5024800F02EF9D3
:101E200010BD00007408002010B5024800F026F92B
:101E300010BD0000F409002010B5024800F01EF9A2
:101E400010BD0000540A002010B5024800F016F939
:101E500010BD0000540A00200146087810381823ED
:101E6000B0FBF3F20848805CC865032A05D908680E
:101E70006FF30900001D886503E008686FF309002F
:101E80008865886D7047000064D000080146002016
:101E90008A6A8B69CBB932B1012A0DD0022A03D0EC
:101EA000032A10D10EE000BFCB6A03F08073B3F1B8
:101EB000807F00D1012007E0CB6AB3F1C07F00D161
:101EC000012001E000E000BF34E08B69B3F5005F62
:101ED0001AD132B1012A07D0022A03D0032A11D124
:101EE0000AE000BF01200EE0CB6A03F08073B3F17B
:101EF000807F00D1012006E0CB6AB3F1C07F00D122
:101F0000012000E000BF15E032B1012A05D0022A0D
:101F100004D0032A0CD103E000BF00BF012008E079
:101F2000CB6A03F08073B3F1807F00D1012000E021
:101F300000BF00BF704730B50468246824F48024D3
:101F400005682C60046863608468402C04D10468D0
:101F5000A2600468E16003E00468A1600468E260D4
:101F600030BD704772B600BFFEE700000184012259
:101F70004284DFED0B0AC0ED090ADFED090AC0ED6E
:101F80000A0ADFED080A60EE200AC0ED0B0AD0ED68
:101F90000C0AC0ED0C0AD0ED0D0AC0ED0D0A704719
:101FA000000000005C8FCA4070B50446A56D00F0CB
:101FB00065FB064694F83500022808D0802060654D
:101FC00000BF002084F8340000BF012070BD2068ED
:101FD000006820F01600216808602068406920F041
:101FE000800021684861206C08B9A06C28B1206885
:101FF000006820F00800216808602068006820F070
:1020000001002168086010E000F038FB801B052803
:102010000BD920206065032084F8350000BF002024
:1020200084F8340000BF0320D0E72068006800F087
:1020300001000028E8D194F85C103F208840A86097
:10204000012084F8350000BF002084F8340000BF70
:1020500000BFBBE7014691F83500022803D080207D
:10206000486501207047052081F835000868006840
:1020700020F001000A6810600020F3E7F8B504467C
:10208000002000908C4800684FF41651B0FBF1F727
:10209000A56D2E6894F85C1008208840304098B1F7
:1020A0002068006800F0040070B12068006820F02B
:1020B00004002168086094F85C1008208840A8603B
:1020C000606D40F00100606594F85C10012088406C
:1020D000304068B12068406900F0800040B194F859
:1020E0005C1001208840A860606D40F002006065CF
:1020F00094F85C1004208840304068B12068006883
:1021000000F0020040B194F85C1004208840A86000
:10211000606D40F00400606594F85C101020884009
:10212000304078B32068006800F0080050B394F89D
:102130005C1010208840A8602068006800F48020AF
:1021400080B12068006800F4002028B9206CC8B174
:102150002046216C884715E0A06C98B12046A16C00
:1021600088470FE02068006800F4807028B9206874
:10217000006820F0080021680860206C10B120463B
:10218000216C884794F85C1020208840304000285B
:1021900065D02068006800F0100000285FD094F837
:1021A0005C1020208840A86094F83500052828D1CC
:1021B0002068006820F016002168086020684069E7
:1021C00020F0800021684861206C08B9A06C28B11B
:1021D0002068006820F008002168086094F85C100E
:1021E0003F208840A860012084F8350000BF00200F
:1021F00084F8340000BF206D10B12046216D88475F
:10220000F8BD2068006800F4802080B12068006874
:1022100000F4002028B9606C10B12046616C88473A
:102220001DE0E06BD8B12046E16B884717E02068DD
:10223000006800F4807068B92068006820F0100021
:1022400021680860012084F8350000BF002084F870
:10225000340000BFE06B10B12046E16B8847606D31
:1022600038B3606D00F00100F0B1052084F835004E
:102270002068006820F001002168086000BF009815
:10228000401C0090B84200D905E02068006800F0CA
:1022900001000028F3D100BF012084F8350000BF01
:1022A000002084F8340000BFE06C10B12046E16CDF
:1022B000884700BFA4E70000280000202DE9F04176
:1022C0000446002500F0DAF9074614B90120BDE8FC
:1022D000F081606A00B100BF022084F8350000BFC1
:1022E000002084F8340000BF2068006820F001005E
:1022F000216808600AE000F0C1F9C01B052805D973
:1023000020206065032084F83500E0E7206800683D
:1023100000F001000028EED1206805682148054042
:10232000D4E901010843E168084321690843616970
:102330000843A1690843E1690843216A084305434A
:10234000606A042803D1D4E90B01084305432068DF
:1023500005602068456925F00705606A0543606AE5
:1023600004280DD1A06A0543E06A48B12046FFF772
:102370008DFD28B140206065012084F83500A6E776
:10238000206845612046FFF767FD064694F85C101B
:102390003F208840B06000206065012084F835004F
:1023A000002094E73F8010F02DE9F04704460D46E9
:1023B00016461F464FF00008D4F8589000BF94F816
:1023C0003400012802D10220BDE8F087012084F802
:1023D000340000BF94F83500012825D1022084F88C
:1023E0003500002060653B46324629462046FFF70F
:1023F000A2FD94F85C103F208840C9F808002068CE
:10240000006840F0160021680860206C28B1206840
:10241000006840F00800216808602068006840F00B
:1024200001002168086006E000BF002084F8340045
:1024300000BF4FF002084046C6E7000070B50446F2
:1024400000F01CF906462546681C10B104480078C7
:10245000054400BF00F012F9801BA842FAD370BDFA
:1024600024000020F8B502460B4600250024002079
:102470000021DFE0012606FA01F51E6806EA0504E0
:10248000AC4274D11E7906F00306012E04D01E79E9
:1024900006F00306022E13D190684F000326BE40BB
:1024A000B0434F00DE68BE40304390605068012664
:1024B0008E40B0431E79C6F300168E403043506004
:1024C0001E7906F00306032E09D0D0684F000326BC
:1024D000BE40B0434F009E68BE403043D0601E797E
:1024E00006F00306022E13D1CF0802F1200656F89B
:1024F00027004E07F70E0F26BE40B0434F07FF0ED2
:102500001E69BE403043CF0802F1200646F827007E
:1025100010684F000326BE40B0431E7906F0030644
:102520004F00BE40304310605E6806F44036002E17
:102530007FD000BF00260096404E366846F48046A5
:102540003E4F3E603E46366806F48046009600BF29
:1025500000BF3B4E8F0856F827008E07370F0F2617
:10256000BE40B043374EB24202D100262EE060E0BA
:10257000354EB24201D1012628E0344EB24201D19B
:10258000022623E0324EB24201D103261EE0314E34
:10259000B24201D1042619E02F4EB24201D10526E4
:1025A00014E02E4EB24201D106260FE02C4EB2426C
:1025B00001D107260AE02B4EB24201D1082605E0E0
:1025C000294EB24201D1092600E00A268F073F0FAB
:1025D000BE4030431A4E8F0846F82700234E30681D
:1025E000A0435E6806F4803606B120431F4E30607B
:1025F000361D3068A0435E6806F4003606B12043FD
:102600001A4E361D3060361D3068A0435E6806F4F1
:10261000801606B12043154E08363060361D3068EE
:10262000A0435E6806F4001606B120430F4E0C3638
:102630003060491C1029FFF41DAFF8BD443802403A
:102640000838014000000240000402400008024037
:10265000000C02400010024000140240001802402A
:10266000001C02400020024000240240003C0140C7
:102670000AB1816101E00B04836170470148006881
:10268000704700001C0000200348006803490978D7
:1026900008440149086070471C0000202400002005
:1026A00010B50D48006840F400700B4908600846FA
:1026B000006840F4806008600846006840F480705C
:1026C0000860032000F0C8F80F2000F007F800F0C1
:1026D0004BF8002010BD0000003C024070B588B0EF
:1026E00004460025002600222146362000F076F818
:1026F000362000F063F800BF002001901648006803
:1027000040F01000144908600846006800F010000E
:10271000019000BF00BF02A903A800F0B9F900F0C2
:10272000DFF945000D48B5FBF0F0461E0C480D4999
:10273000086040F2E7310B48C1604660002101614A
:10274000816000F095FC20B9064800F0C5FC08B097
:1027500070BD0120FBE700004038024040420F00FE
:1027600000100040B40A002008B500BF002000900F
:102770001148006840F480400F490860084600682E
:1027800000F48040009000BF00BF00BF0020009018
:10279000081F006840F08050091F08600846006864
:1027A00000F08050009000BF00BF00220F21901E5B
:1027B00000F014F808BD0000443802400146084605
:1027C000002809DB00F01F0301229A4043099B0007
:1027D00003F1E023C3F8002100BF70472DE9F05F4B
:1027E00080460D461646002704F096FF07463946F8
:1027F0002A46334601F00700C0F1070ABAF1040F78
:1028000002D94FF0040A01E0C0F1070AD14600F1F5
:10281000040ABAF1070F02D24FF0000A01E0A0F15A
:10282000030AD4464FF0010A0AFA09FAAAF1010A8A
:102830000AEA020A0AFA0CFA4FF0010B0BFA0CFB37
:10284000ABF1010B0BEA030B4AEA0B0421464046AD
:1028500004F06AFFBDE8F09F00BF00F00702064BDE
:1028600019684FF6FF031940044B0B4343EA02215A
:10287000014B196000BF70470CED00E00000FA0545
:1028800038B5002400BF002000901D48006840F0CB
:1028900080501B4908600846006800F08050009096
:1028A00000BF00BF012017490864FFF7E7FE044698
:1028B00007E0FFF7E3FE001BB0F57A7F01D90320A4
:1028C00038BD1148406800F48030B0F5803FF0D149
:1028D00001200C494864FFF7D1FE044607E0FFF7EA
:1028E000CDFE001BB0F57A7F01D90320E8E706484A
:1028F000406800F40030B0F5003FF0D10020DFE781
:102900004038024000000E420070004070B504469E
:102910000D460CB9012070BD5848006800F00F004A
:10292000A84209D255490D700846006800F00F0012
:10293000A84201D00120EEE7207800F00200022832
:102940001DD1207800F00400042805D14C4800680F
:1029500040F4E0504A490860207800F00800082858
:1029600005D14748006840F4604045490860444844
:10297000006820F0F000A168084341490860207811
:1029800000F00100A8B36068012807D13C4808386E
:102990000068C0F34040B8B90120BCE76068022875
:1029A00002D06068032807D1354808380068C0F3B2
:1029B000406048B90120AEE7314808380068C0F3EC
:1029C000400008B90120A6E72D48006820F0030068
:1029D000616808432A490860FFF750FE064609E08F
:1029E000FFF74CFE801B41F28831884202D9032058
:1029F00091E707E02248006800F00C006168B0EB46
:102A0000810FEDD11D48006800F00F00A84209D9E0
:102A10001A490D700846006800F00F00A84201D066
:102A2000012078E7207800F00400042807D114483A
:102A3000006820F4E050E1680843114908602078FC
:102A400000F00800082808D10D48006820F4604014
:102A5000216940EAC1000A49086000F061F80849AC
:102A60000968C1F30311074A515CC8400649086070
:102A700006480068FFF732FE00204CE7003C0240A9
:102A8000083802406CD000082800002020000020F8
:102A90000F2202600D4A126802F0030242600B4AE4
:102AA000126802F0F0028260084A126802F4E052F2
:102AB000C260064A126802F46042D2080261044A07
:102AC000126802F00F020A607047000008380240E6
:102AD000003C0240014800687047000028000020C8
:102AE00000B5FFF7F7FF04490968C1F38221034AE3
:102AF000515CC84000BD0000083802407CD000088E
:102B000000B5FFF7E7FF04490968C1F34231034A02
:102B1000515CC84000BD0000083802407CD000086D
:102B20002DE9F047002400250026A146254800682D
:102B300000F00C0020B1042805D008283AD105E0A7
:102B4000DFF8849039E0DFF8849036E01D48001FFC
:102B5000006800F03F041B48001F006800F480007C
:102B600078B11A481749091F0968C1F38811A0FBF9
:102B700001700146224600233846FDF795FB0546C5
:102B80000EE011480F49091F0968C1F38811A0FB25
:102B900001700146224600233846FDF785FB0546B5
:102BA0000848001F0068C0F30140401C4600B5FB08
:102BB000F6F902E0DFF8109000BF00BF4846BDE81C
:102BC000F0870000083802400024F400001BB70022
:102BD000F8B504460CB90120F8BD207800F00100DA
:102BE000002874D0F948006800F00C0004280DD0CB
:102BF000F648006800F00C00082813D1F348001FC5
:102C0000006800F48000B0F5800F0BD1EF48083861
:102C10000068C0F34040002859D06068002856D1B1
:102C20000120D9E700BF6068B0F5803F08D1E748D0
:102C30000838006840F48030E449083908601EE034
:102C40006068B0F5A02F0DD1E0480838006840F466
:102C50008020DE49083908600846006840F480306A
:102C600008600CE0D9480838006820F48030D74963
:102C7000083908600846006820F48020086000BF1A
:102C8000606890B1FFF7FAFC054606E0FFF7F6FC36
:102C9000401B642801D903209EE7CC48083800680F
:102CA000C0F340400028F1D011E0FFF7E7FC0546F3
:102CB00006E0FFF7E3FC401B642801D903208BE703
:102CC000C24808380068C0F340400028F1D120789D
:102CD00000F0020002285FD1BC48006800F00C0040
:102CE00058B1BA48006800F00C0008281CD1B74859
:102CF000001F006800F48000B0B9B44808380068CC
:102D0000C0F3400020B1E068012801D0012063E752
:102D1000AE480838006820F0F800216940EAC10098
:102D2000AA490839086037E0E06800B30120A849E3
:102D30000860FFF7A3FC054606E0FFF79FFC401B79
:102D4000022801D9032047E7A04808380068C0F3EB
:102D500040000028F1D09D480838006820F0F800B5
:102D6000216940EAC10099490839086014E000204F
:102D700097490860FFF782FC054606E0FFF77EFCF6
:102D8000401B022801D9032026E790480838006834
:102D9000C0F340000028F1D1207800F00800082896
:102DA0002CD16069A8B101208A490860FFF766FC50
:102DB000054606E0FFF762FC401B022801D903200C
:102DC0000AE782486C300068C0F340000028F1D068
:102DD00014E000207F490860FFF750FC054606E03C
:102DE000FFF74CFC401B022801D90320F4E677488A
:102DF0006C300068C0F340000028F1D1207800F06A
:102E00000400042870D1002770483830006800F0B2
:102E1000805090B900BF002000906C4838300068A6
:102E200040F080506949383108600846006800F079
:102E30008050009000BF00BF01276748006800F481
:102E40008070B0B96448006840F4807062490860DE
:102E5000FFF714FC054606E0FFF710FC401B0228B4
:102E600001D90320B8E65C48006800F480700028AF
:102E7000F2D000BFA068012808D15448683000682B
:102E800040F001005149683108601DE0A068052844
:102E90000DD14E486830006840F004004B4968315D
:102EA00008600846006840F0010008600CE04748F0
:102EB0006830006820F00100444968310860084625
:102EC000006820F00400086000BFA068A8B1FFF708
:102ED000D5FB054609E0FFF7D1FB401B41F28831E5
:102EE000884202D9032077E626E038486830006837
:102EF000C0F340000028EED013E0FFF7BFFB05460B
:102F000008E0FFF7BBFB401B41F28831884201D942
:102F1000032061E62D4868300068C0F340000028B7
:102F2000EFD1012F07D129483830006820F08050B8
:102F300026493831086000BFA069002845D02348E1
:102F4000006800F00C0008285DD0A069022845D177
:102F500000201F490866FFF791FB054606E0FFF7D2
:102F60008DFB401B022801D9032035E6174808389D
:102F70000068C0F340600028F1D1D4E9070108439C
:102F8000616A40EA81110122A06AC2EB500041EA65
:102F900000412C20005D41EA00600C49091F0860D7
:102FA00001200B490866FFF769FB054606E0FFF7BD
:102FB00065FB401B022801D903200DE603480838B1
:102FC0000068C0F340600028F1D049E008380240B2
:102FD00000004742800E4742007000400020214917
:102FE0000866FFF74BFB054606E0FFF747FB401B73
:102FF000022801D90320EFE51B480068C0F34060B8
:103000000028F2D12CE0A069012800D1E4E516489F
:10301000001D0668A069012820D006F48001E0693F
:1030200081421BD106F03F01206A814216D147F64A
:10303000C0703040616AB0EB811F0FD106F440319F
:103040000122A06AC2EB5000B1EB004F06D106F09E
:1030500070612C20005DB1EB006F01D00120BBE559
:103060000020B9E500004742003802407047704731
:1030700010B504460CB9012010BD94F83D0028B9E4
:10308000002084F83C00204600F025F8022084F857
:103090003D00211D206803F02BFC012084F8460030
:1030A00000BF84F83E0001213F200155402001551A
:1030B0004120015500BF00BF012084F84200432099
:1030C0000155442001554520015500BF012084F8D9
:1030D0003D000020D0E77047014691F83D000128EF
:1030E00001D001207047022081F83D000868C068C7
:1030F00040F001000B68D8601A4B086898421BD05A
:103100000868B0F1804F17D0174B0868984213D069
:10311000164B086898420FD0154B086898420BD0A0
:10312000144B0868984207D0134B0868984203D0A4
:10313000124B086898420CD10868806800F00702BA
:10314000062A0CD00868006840F001000B6818607F
:1031500005E00868006840F001000B681860002076
:10316000C0E70000000001400004004000080040EB
:10317000000C0040000401400040014000180040E5
:10318000704710B5044620680069C0F34000D8B10C
:103190002068C068C0F34000B0B16FF00200216841
:1031A0000861012020772068806900F0030018B1D1
:1031B0002046FFF7E5FF05E0204600F0ADF8204689
:1031C00000F0ABF80020207720680069C0F3800091
:1031D000D8B12068C068C0F38000B0B16FF00400BF
:1031E00021680861022020772068806900F440701F
:1031F00018B12046FFF7C4FF05E0204600F08CF828
:10320000204600F08AF80020207720680069C0F38B
:10321000C000D8B12068C068C0F3C000B0B16FF082
:10322000080021680861042020772068C06900F048
:10323000030018B12046FFF7A3FF05E0204600F089
:103240006BF8204600F069F80020207720680069BC
:10325000C0F30010D8B12068C068C0F30010B0B14E
:103260006FF0100021680861082020772068C0698D
:1032700000F4407018B12046FFF782FF05E02046B9
:1032800000F04AF8204600F048F800202077206837
:10329000006900F0010058B12068C06800F001002A
:1032A00030B16FF0010021680861204600F036F867
:1032B00020680069C0F3C01058B12068C068C0F32E
:1032C000C01030B16FF08000216808612046FFF720
:1032D000CDFE20680069C0F3801058B12068C06836
:1032E000C0F3801030B16FF04000216808612046C3
:1032F00000F020F820680069C0F3401058B1206841
:10330000C068C0F3401030B16FF020002168086140
:103310002046FFF7ACFE10BD7047704710B504465D
:1033200003492068884201D1FFF7AEF910BD0000C3
:103330000010004070472DE9F84F04460F469046B4
:103340001D46DDF828A094F83E0020287CD117B156
:10335000B8F1000F02D10120BDE8F88F00BF94F84A
:103360003C00012801D10220F6E7012084F83C004E
:1033700000BF00202064222084F83E00012020634A
:10338000FFF77CF98346A4F82C80A4F82E80A0686F
:10339000B0F5805F04D1206910B90026B94602E07B
:1033A0003E464FF0000900BF002084F83C0000BFFB
:1033B000288052E02068006800F01000102811D129
:1033C00000BF0020009020680068009020684068DE
:1033D000009000BF00BF288820B1202084F83E0064
:1033E0000020B9E72068006800F02000202821D1E3
:1033F00046B920684068C0F30800A9F8000009F148
:10340000020911E0A068B0F5805F03D0A06828B978
:10341000206918B920684068307004E0206840686E
:1034200000F07F003070761C2888401C2880E08DDA
:10343000401EE0850AF1010078B1FFF71FF9A0EB0B
:103440000B00504504D800E013E0BAF1000F04D19E
:10345000202084F83E0003207EE7E08D0028A9D1DB
:10346000A08DE18D401A2880202084F83E000020A5
:1034700072E7022070E7704770B5044600252068A7
:103480004069C0F3C01594F83D00212817D1B5B1AB
:1034900000BF00BF2168143151E8001F21F08000F7
:1034A0002168143141E80002002AF3D100BF606BAB
:1034B00010B1606BFEF778FD204603F0EAFC20684F
:1034C0004069C0F3801594F83E00222817D1B5B1A9
:1034D00000BF00BF2168143151E8001F21F04000F7
:1034E0002168143141E80002002AF3D100BFA06B2B
:1034F00010B1A06BFEF758FD204603F084FC0020BD
:1035000070BD70472DE9F84F0446206805682068B3
:10351000C668206847694FF00009CA4605F00F09E0
:10352000B9F1000F0AD105F0200038B106F02000F3
:1035300020B1204603F0C0FCBDE8F88FB9F1000FC0
:103540007CD007F0010018B906F49070002875D0FF
:1035500005F0010030B106F4807018B1206C40F025
:103560000100206405F0040030B107F0010018B13B
:10357000206C40F00200206405F0020030B107F03A
:10358000010018B1206C40F00400206405F0080030
:1035900048B106F0200010B907F0010018B1206C06
:1035A00040F008002064206C002846D005F0200080
:1035B00028B106F0200010B1204603F07DFC206801
:1035C0004069C0F3801A206C00F0080010B9BAF10D
:1035D000000F2DD0204603F016FC2068406900F053
:1035E0004000402820D100BF00BF2168143151E8BD
:1035F000001F21F040002168143141E80002002A38
:10360000F3D100BFA06B50B17548A16B0865A06BEA
:10361000FEF720FD88B1A06B016D88470DE02046C4
:10362000FFF76FFF09E009E02046FFF76AFF04E0BB
:103630002046FFF766FF002020647DE7206B01280D
:1036400076D105F01000002872D006F01000002896
:10365000FAD000BF00200090206800680090206829
:103660004068009000BF00BF2068406900F0400043
:1036700040285ED1A06B006840681FFA80F8B8F15E
:10368000000F54D0A08D404551DDA4F82E80A06BD2
:10369000C069B0F5807F43D000BF00BF21680C3106
:1036A00051E8001F21F4807021680C3141E80002CC
:1036B000002AF3D100BF00BF00BF2168143151E8D8
:1036C000001F21F001002168143141E80002002AA6
:1036D000F3D100BF00BF00BF2168143151E8001FC3
:1036E00021F040002168143141E80002002AF3D1A2
:1036F00000BF202084F83E000020206300BF00BFF0
:1037000021680C3151E8001F21F0100021680C31B4
:1037100041E80002002AF3D100BFA06BFEF744FC91
:10372000A08DE28D801A81B22046FFF7A4FE03E748
:1037300040E0A08DE18D401A1FFA80F8E08DC0B303
:10374000B8F1000F35D000BF00BF21680C3151E83F
:10375000001F21F4907021680C3141E80002002A1A
:10376000F3D100BF00BF00BF2168143151E8001F32
:1037700021F001002168143141E80002002AF3D150
:1037800000BF202084F83E000020206300BF00BF5F
:1037900021680C3151E8001F21F0100021680C3124
:1037A00041E80002002AF3D100BF41462046FFF75E
:1037B00062FEC1E605F0800030B106F0800018B16D
:1037C000204603F071FDB7E605F0400030B106F089
:1037D000400018B1204603F04CFBADE600BFABE65D
:1037E0006D6C000810B504460CB9012010BDA0692D
:1037F00000B100E000BF94F83D0028B9002084F833
:103800003C00204600F028F8242084F83D00206881
:10381000C06820F400502168C860204603F0C8FB4F
:103820002068006920F490402168086120684069A0
:1038300020F02A00216848612068C06840F40050E8
:103840002168C86000202064202084F83D0084F8AE
:103850003E000020CAE7000010B586B004461421DF
:1038600001A8FCF76BFDFE49206888427BD100BFB0
:1038700000200090FB48006840F08040F949086053
:103880000846006800F08040009000BF00BF00BF05
:1038900000200090F3481038006840F01000F14913
:1038A000103908600846006800F01000009000BF62
:1038B00000BF4FF4C07001900220029000200390DE
:1038C000032004900820059001A9E748FEF7CAFDEF
:1038D000E648E74908604FF0206048600021E4486E
:1038E0008160C1604FF480610161002141618161AB
:1038F000C1614FF44031016200214162FEF7DEFCFC
:1039000008B1FEF72FFB00BFD948A063846300BF56
:10391000D6483038D7490860800548604021D548EE
:1039200081600021C1604FF480610161002141612B
:103930008161C1614FF44031016200214162FEF7B3
:10394000BDFC08B1FEF70EFB00BFCA48606384638C
:1039500000BF002205215220FEF740FF5220FEF753
:103960002DFFDCE1FFE7C449206888427BD100BF1E
:1039700000200090BB48006840F40020B94908606E
:103980000846006800F40020009000BF00BF00BFA0
:1039900000200090B3481038006840F00100B149A1
:1039A000103908600846006800F00100009000BF70
:1039B00000BF03200190022002900020039003200A
:1039C00004900820059001A9AC48FEF74BFDA748DC
:1039D0001838AB490860400548600021A84881605C
:1039E000C1604FF480610161002141618161C16169
:1039F0004FF44031016200214162FEF75FFC08B1E3
:103A0000FEF7B0FA00BF9E48A063846300BF9748EA
:103A100018309C4908604FF0006048604021994888
:103A200081600021C1604FF480610161002141612A
:103A30008161C1614FF44031016200214162FEF7B2
:103A40003DFC08B1FEF78EFA00BF8E4860638463C8
:103A500000BF002205213420FEF7C0FE3420FEF70F
:103A6000ADFE5CE1FFE77E49206888427BD100BF64
:103A7000002000907B48006840F080407949086051
:103A80000846006800F08040009000BF00BF00BF03
:103A90000020009073481038006840F01000714911
:103AA000103908600846006800F01000009000BF60
:103AB00000BF4FF4C07001900220029000200390DC
:103AC000032004900820059001A96748FEF7CAFC6E
:103AD0006648674908604FF02060486000216448EC
:103AE0008160C1604FF480610161002141618161A9
:103AF000C1614FF44031016200214162FEF7DEFBFB
:103B000008B1FEF72FFA00BF5948A063846300BFD5
:103B1000564830385749086080054860402155486C
:103B200081600021C1604FF4806101610021416129
:103B30008161C1614FF44031016200214162FEF7B1
:103B4000BDFB08B1FEF70EFA00BF4A48606384630C
:103B500000BF002205215220FEF740FE5220FEF752
:103B60002DFEDCE0FFE748492068884250D100BFC5
:103B7000002000903B48001D006840F010003949CB
:103B8000091D08600846006800F01000009000BFA2
:103B900000BF00BF0020009032481038006840F09D
:103BA00002003049103908600846006800F0020041
:103BB000009000BF00BF00BF0020009008460068D2
:103BC00040F0010008600846006800F00100009025
:103BD00000BF00BF802001900220029000200390CF
:103BE000032004900720059001A92848FEF73AFC1D
:103BF0004FF40070019002200290002003900320F7
:103C000004900720059001A91C48FEF72BFC86E0D4
:103C10001F49206888424ED100BF00200090114803
:103C2000001D006840F020000E49091D086008468C
:103C3000006800F02000009000BF00BF00BF00201F
:103C4000009008481038006840F0400005491039DD
:103C500008600846006800F04000009000BF19E0CE
:103C60000078004040380240001002405860024096
:103C7000D408002034090020004C0040000002401D
:103C800014080020740800200010014000040240C5
:103C90000014014000BF4FF48440019002200290C4
:103CA00000200390032004900820059001A91D48DE
:103CB000FEF7D8FB33E01C49206888422FD100BFB3
:103CC000002000901948006840F000401749086043
:103CD0000846006800F00040009000BF00BF00BF31
:103CE0000020009011481038006840F010000F4983
:103CF000103908600846006800F01000009000BF0E
:103D000000BF0320019002200290002003900320B6
:103D100004900820059001A90548FEF7A3FB06B012
:103D200010BD000000180240007C004040380240F6
:103D3000001002402DE9F84F04460E4617469946FA
:103D40004FF0000A94F83E0020285FD106B117B961
:103D50000120BDE8F88F00BF94F83C00012801D194
:103D60000220F6E7012084F83C0000BF0020206418
:103D7000222084F83E0000202063FEF77FFC82466C
:103D8000A785E785A068B0F5805F04D1206910B9E8
:103D90000025B04602E035464FF0000800BF002085
:103DA00084F83C0000BF29E0534600222021204631
:103DB000CDF8009003F0A8FA08B10320C9E745B98F
:103DC00020684068C0F30800A8F8000008F1020865
:103DD00011E0A068B0F5805F03D0A06828B9206921
:103DE00018B920684068287004E02068406800F036
:103DF0007F0028706D1CE08D401EE085E08D00285E
:103E0000D2D1202084F83E000020A2E70220A0E7C3
:103E100070B504460D46164694F83E00202816D18B
:103E200005B10EB9012070BD00BF94F83C00012817
:103E300001D10220F7E7012084F83C0000BF0020F8
:103E4000206332462946204603F0C8F9EBE70220FA
:103E5000E9E7000010B504461B48844207D1FFF78C
:103E60000BFB122219491848FFF7D2FF2AE0184825
:103E700084420AD1FFF700FB164801F037FB0B2202
:103E800015491348FFF7C4FF1CE0144884420CD1C5
:103E9000FFF7F2FA124803F085FB03F00FFB06224E
:103EA00010490E48FFF7B4FF0CE00F48844209D1D7
:103EB000FFF7E2FA0D48FDF783FB0B220B490A4896
:103EC000FFF7A6FF10BD000048070020305F00206C
:103ED000C00600205C5F0020685F0020040700200F
:103EE000765F0020E9000020D0070020D85E002087
:103EF00070472DE9F84F04460E46174699464FF095
:103F0000000A94F83D0020285AD106B117B90120C3
:103F1000BDE8F88F00BF94F83C00012801D10220D1
:103F2000F6E7012084F83C0000BF00202064212037
:103F300084F83D00FEF7A2FB8246A784E784A068D0
:103F4000B0F5805F04D1206910B90025B04602E0C9
:103F500035464FF0000800BF002084F83C0000BF49
:103F60001BE05346002280212046CDF8009003F04C
:103F7000CBF908B10320CBE745B9B8F80000C0F38E
:103F800008002168486008F1020803E028782168E9
:103F900048606D1CE08C401EE084E08C0028E0D17D
:103FA0005346002240212046CDF8009003F0ACF9A2
:103FB00008B10320ACE7202084F83D000020A7E7EB
:103FC0000220A5E7F7B50446154694F83D002028E1
:103FD00046D1019800B10DB90120FEBD00BF94F893
:103FE0003C00012801D10220F7E7012084F83C00C1
:103FF00000BF01982062A584E58400202064212070
:1040000084F83D001748616BC8631748616B08640A
:104010001648616BC8640020616B086501AE2368B7
:104020001A1D31682B46606BFEF7BEF96FF0400039
:104030002168086000BF002084F83C0000BF00BF7A
:1040400000BF2168143151E8001F41F08000216851
:10405000143141E80002002AF3D100BF0020BCE780
:104060000220BAE7A16D0008F96D0008816C000814
:104070007047704700BFFEE7DFED0A0AB4EEE00AC2
:10408000F1EE10FA05D8B5EEC00AF1EE10FA00DB39
:104090007047FFEE000A60EE200AB0EE600A00BF33
:1040A000F6E7000000003443B5EEC00AF1EE10FA66
:1040B00007D8DFED080AB4EEE00AF1EE10FA00DBF3
:1040C0007047FFEE000A60EE200AB0EE600A00BF03
:1040D000F6E70000000034C310B502F0A5FD64202F
:1040E000FEF7ACF91B4800F06DF89620FEF7A6F934
:1040F000194800F067F89620FEF7A0F9174800F07D
:1041000061F89620FEF79AF9154800F05BF89620C2
:10411000FEF794F9114800F055F89620FEF78EF955
:10412000104800F04FF89620FEF788F90E4800F08E
:1041300049F89620FEF782F90C4800F043F89620E3
:10414000FEF77CF9054800F03DF84FF47A70FEF771
:1041500075F910BDCB000020C1000020B700002081
:10416000AD000020B2000020D0000020D5000020CB
:1041700010B50446124890ED001BB0EE410AF0EE77
:10418000610A51EC100BFCF7D5FA20600C4890ED59
:10419000021BB0EE410AF0EE610A51EC100BFCF785
:1041A000C9FA6060064890ED041BB0EE410AF0EEDB
:1041B000610A51EC100BFCF7BDFAA06010BD0000C5
:1041C000185F002010B50446052221460148FFF77C
:1041D000F9FE10BDD007002000B52DED108B89B081
:1041E0009FEDFD0AB0EE40AA9FEDFC0AF0EE40AA5A
:1041F0009FEDFB0AB0EE40BAB6EE000AF0EE40BA10
:104200009FEDF80AB0EE408AF74800780A2877D187
:1042100013E12022F54901A8FCF777F8FEF72EFA02
:1042200000EE100AF8EE400A9FEDF11A80EE810AC6
:10423000F048D0ED000A9FEDEE1AC0EE811A30EE84
:10424000610AB0EE408A9FEDE40AB4EEC08AF1EE56
:1042500010FA16D200200EE0B0EE0C0AE64901EB8F
:10426000801181ED0C0A9FEDE50AE34901EB801115
:1042700081ED0D0A401C0828EEDB01A801F09AFE32
:10428000DAE09FEDD50AB4EEC08AF1EE10FA38DB21
:10429000B7EE000AB4EEC08AF1EE10FA31D2002077
:1042A00015E09FEDD70A01A901EBC00181ED000ADD
:1042B000D44981ED010ABBEE0E0A01A901EBC00150
:1042C00081ED010ACF4981ED000A411CC8B20428E2
:1042D000E7DB00200EE09FEDCC0AC74901EB80111F
:1042E00081ED0C0A9FEDC90AC34901EB801181EDF4
:1042F0000D0A401C0828EEDB01A801F05BFE9BE0E4
:10430000BAE0B7EE000AB4EEC08AF1EE10FA37DB7D
:104310009FEDBF0AB4EEC08AF1EE10FA30D2002051
:1043200015E0B3EE000A01A901EBC00181ED000A1E
:10433000B44981ED010ABAEE0E0A01A901EBC001F0
:1043400081ED010AAF4981ED000A411CC8B2042881
:10435000E7DB00200EE0B6EE000AA74901EB801172
:1043600081ED0C0A9FEDA90AA34901EB801181EDB3
:104370000D0A401C0828EEDB01A801F01BFE5BE0E3
:104380009FEDA30AB4EEC08AF1EE10FA37DD9FED7F
:10439000A10AB4EEC08AF1EE10FA30D2002015E086
:1043A000B3EE000A01A901EBC00181ED000A9549B5
:1043B00081ED010A9FED8B0A01A901EBC00181ED9E
:1043C000010A904981ED000A411CC8B20428E7DBCC
:1043D00000200EE0B7EE000A874901EB801181ED65
:1043E0000C0A9FED8D0A844901EB801181ED0D0AC5
:1043F000401C0828EEDB01A801F0DCFD1CE09FED6D
:10440000850AB4EEC08AF1EE10FA15DD0820FCF73B
:10441000F3FE00200EE09FED810A774901EB801149
:1044200081ED0C0A9FED790A734901EB801181ED52
:104430000D0A401C0828EEDB00BF9FED760AB4EEA3
:10444000C08AF1EE10FA7FF6E4AEC82006F0E2FB77
:1044500000200EE09FED720A674901EB801181EDAB
:104460000C0A9FED700A644901EB801181ED0D0A81
:10447000401C0828EEDB98E35B4800780B2870D1DD
:10448000B7EE080AF0EE408A9FED670AB0EE409A58
:104490009FED660AF0EE409AB5EE000AB0EE40CA13
:1044A0009FED630AF0EE40CAC6E120224F49203159
:1044B00001A8FBF72AFFFEF7E1F800EE100AF8EE7C
:1044C000400A9FED4B1A80EE810A4A48D0ED000A5F
:1044D0009FED471AC0EE811A30EE610AB0EE408AB5
:1044E000B7EE080AB4EEC08AF1EE10FA16D2002038
:1044F0000EE0B7EE000A404901EB801181ED0C0A95
:104500009FED4C0A3C4901EB801181ED0D0A401CE6
:104510000828EEDB01A801F04DFD8CE1B7EE080A9A
:10452000B4EEC08AF1EE10FA45DB9FED430AB4EE1B
:10453000C08AF1EE10FA3ED2002023E0012801D01B
:1045400003280FD19FED3D0A01A901EBC00181EDC8
:10455000000ABBEE090A01A901EBC00181ED010AC5
:104560000EE07BE19FED350A01A901EBC00181ED71
:10457000000A9FED330A01A901EBC00181ED010A98
:10458000411CC8B20428D9DB00200EE09FED2D0AA3
:10459000194901EB801181ED0C0A9FED2B0A164998
:1045A00001EB801181ED0D0A401C0828EEDB01A80B
:1045B00001F000FD3FE19FED200AB4EEC08AF1EE6C
:1045C00010FA7DDB9FED210AB4EEC08AF1EE10FAFD
:1045D0007CD200205FE00000CDCC4C3FCDCC4C3EE7
:1045E0009A99993E00000000F4050020A4D200082A
:1045F00000007A44A4060020D0530020295C0F3E1E
:1046000000000C42AC060020333373408FC2F53DEE
:104610006666A63F6666E63FEC51B83D9A99D93F7B
:104620006666C63F7F6ABC3C0AD7A33E0AD7233ED4
:104630006666663FCDCCCC3D52B8DE3F00002642D8
:1046400000000CC2666626419A99193EA370FD3F90
:10465000012801D003280ED19FEDFD0A01A901EB2D
:10466000C00181ED000A9FEDFB0A01A901EBC00129
:1046700081ED010A0DE0B3EE040A01A901EBC001CE
:1046800081ED000A9FEDF40A01A901EBC00181ED63
:10469000010A411CC8B20428DADB00200EE0B2EEA9
:1046A000040AEE4901EB801181ED0C0A1FED1F0A8F
:1046B000EA4901EB801181ED0D0A401C082800E059
:1046C00004E0ECDB01A801F075FCB4E01FED210A69
:1046D000B4EEC08AF1EE10FA44DB9FEDE10AB4EECD
:1046E000C08AF1EE10FA3DD2002022E0012801D06C
:1046F00003280ED1B3EE0E0A01A901EBC00181ED32
:10470000000AB3EE090A01A901EBC00181ED010A1B
:104710000DE0B3EE0B0A01A901EBC00181ED000A27
:104720001FED490A01A901EBC00181ED010A411CFD
:10473000C8B20428DADB00200EE0B5EE000AC74953
:1047400001EB801181ED0C0A9FEDC60AC34901EB14
:10475000801181ED0D0A401C0828EEDB01A801F054
:1047600029FC68E09FEDBE0AB4EEC08AF1EE10FAB3
:1047700044DD9FEDBD0AB4EEC08AF1EE10FA3DD2E1
:10478000002022E0012801D003280ED19FEDB00ABD
:1047900001A901EBC00181ED000AB2EE040A01A9F2
:1047A00001EBC00181ED010A0DE0B3EE090A01A998
:1047B00001EBC00181ED000AB2EE040A01A901EB90
:1047C000C00181ED010A411CC8B20428DADB0020D7
:1047D0000EE01FED7D0AA14901EB801181ED0C0A6D
:1047E0001FED700A9D4901EB801181ED0D0A401CFF
:1047F0000828EEDB01A801F0DDFB1CE09FED9A0A22
:10480000B4EEC08AF1EE10FA15DD0820FCF7F4FCD6
:1048100000200EE0B7EE000A904901EB801181ED17
:104820000C0A9FED920A8D4901EB801181ED0D0A72
:10483000401C0828EEDB00BF9FED8B0AB4EEC08A57
:10484000F1EE10FA7FF631AEC82006F0E3F95FED25
:104850008B0A1FED8D0AFCF7E9F90CE68448007815
:1048600011286FD1B7EE080AF0EE408A1FEDA50AB5
:10487000B0EE409A1FEDA60AF0EE409A1FED940AA2
:10488000B0EE40CAB6EE000AF0EE40CA7CE120224B
:10489000784901A8FBF739FDFDF7F0FE00EE100A9C
:1048A000F8EE400A1FEDAE1A80EE810A7248D0ED94
:1048B000000A1FEDB11AC0EE811A30EE610AB0EEA7
:1048C000408AB7EE080AB4EEC08AF1EE10FA16D2AA
:1048D00000200EE0B7EE000A604901EB801181ED87
:1048E0000C0A1FEDAC0A5D4901EB801181ED0D0A48
:1048F000401C0828EEDB01A801F05CFB43E1B7EEA9
:10490000080AB4EEC08AF1EE10FA45DB1FEDBD0ACD
:10491000B4EEC08AF1EE10FA3ED2002023E0012866
:1049200001D003280FD11FEDBB0A01A901EBC00183
:1049300081ED000ABBEE090A01A901EBC00181ED7E
:10494000010A0EE032E11FEDC30A01A901EBC0012B
:1049500081ED000A1FEDC60A01A901EBC00181ED3E
:10496000010A411CC8B20428D9DB00200EE09FEDEB
:10497000430A3A4901EB801181ED0C0A1FEDD30A7D
:10498000364901EB801181ED0D0A401C0828EEDB51
:1049900001A801F00FFBF6E01FEDE00AB4EEC08ABB
:1049A000F1EE10FA44DBB0EE000AB4EEC08AF1EE8C
:1049B00010FA3DD2002022E0012801D003280ED1B8
:1049C0009FED2F0A01A901EBC00181ED000A1FED47
:1049D000F40A01A901EBC00181ED010A0DE0B2EE7C
:1049E0000E0A01A901EBC00181ED000ABBEE040A29
:1049F00001A901EBC00181ED010A411CC8B20428E4
:104A0000DADB00200EE09FED1D0A144901EB801156
:104A100081ED0C0A1FEDF90A104901EB801181EDBF
:104A20000D0A401C0828EEDB01A801F0C3FAAAE039
:104A3000B0EE000AB4EEC08AF1EE10FA4DDB9FED45
:104A4000110AB4EEC08AF1EE10FA46D200202BE033
:104A50000000CC4100002042000020C2D0530020C2
:104A600052B80E40F4FD543CEB514840CDCC4C3D87
:104A7000F4050020E4D20008A4060020CDCCCC40F0
:104A80000000844199993940B3EE000A01A901EB75
:104A9000C00181ED000AB9EE040A01A901EBC001D1
:104AA00081ED010A411CC8B20428EDDB00200EE0B4
:104AB000B5EE000AFE4901EB801181ED0C0A1FEDF5
:104AC000170AFB4901EB801181ED0D0A401C0828F3
:104AD000EEDB01A801F06EFA55E01FED160AB4EE08
:104AE000C08AF1EE10FA31DD9FEDF20AB4EEC08A11
:104AF000F1EE10FA2AD200200FE0B3EE010A01A96C
:104B000001EBC00181ED000AB8EE000A01A901EB3A
:104B1000C00181ED010A411CC8B20428EDDB002070
:104B20000EE09FEDE50AE24901EB801181ED0C0AF0
:104B30009FEDE20ADE4901EB801181ED0D0A401C78
:104B40000828EEDB01A801F035FA1CE09FEDD90A38
:104B5000B4EEC08AF1EE10FA15DD0820FCF74CFB2C
:104B600000200EE0B7EE000AD14901EB801181ED83
:104B70000C0A1FED420ACE4901EB801181ED0D0AAE
:104B8000401C0828EEDB00BF9FEDCA0AB4EEC08AC5
:104B9000F1EE10FA7FF67BAEC82006F03BF8DFEDB1
:104BA000C70A9FEDC70AFCF741F8FDE3C548007846
:104BB0000C2870D19FEDC40AB0EE409A9FEDC30A55
:104BC000F0EE409A9FEDBC0AB0EE40CAB6EE000A85
:104BD000F0EE40CA9FEDBE0AF0EE408A01E12022CD
:104BE000BC4901A8FBF791FBFDF748FD00EE100A58
:104BF000F8EE400A9FEDB81A80EE810AB748D0ED72
:104C0000000A9FEDB51AC0EE811A30EE610AF0EE8F
:104C1000408A9FEDAD0AF4EEC08AF1EE10FA16D28A
:104C200000200EE0B0EE080AA14901EB801181EDF1
:104C30000C0A9FEDA60A9E4901EB801181ED0D0A39
:104C4000401C0828EEDB01A801F0B4F9C8E09FED94
:104C50009E0AF4EEC08AF1EE10FA32DBB7EE000ADB
:104C6000F4EEC08AF1EE10FA2BD200200FE09FED97
:104C70009C0A01A901EBC00181ED000ABBEE070A05
:104C800001A901EBC00181ED010A411CC8B2042851
:104C9000EDDB00200FE0C3E09FED920A844901EBB9
:104CA000801181ED0C0A9FED900A814901EB801182
:104CB00081ED0D0A401C0828EEDB01A801F07AF90D
:104CC0008EE0B7EE000AF4EEC08AF1EE10FA31DBA6
:104CD0009FED860AF4EEC08AF1EE10FA2AD2002087
:104CE0000FE0B2EE0C0A01A901EBC00181ED000A50
:104CF000BAEE040A01A901EBC00181ED010A411CD1
:104D0000C8B20428EDDB00200EE0B0EE000A6849CE
:104D100001EB801181ED0C0A9FED750A644901EBEE
:104D2000801181ED0D0A401C0828EEDB01A801F07E
:104D300041F955E09FED6D0AF4EEC08AF1EE10FAEC
:104D400031DD9FED6C0AF4EEC08AF1EE10FA2AD242
:104D500000200FE0B2EE0E0A01A901EBC00181EDC7
:104D6000000AB9EE040A01A901EBC00181ED010AB4
:104D7000411CC8B20428EDDB00200EE0B7EE080AA3
:104D80004B4901EB801181ED0C0A9FED590A48490E
:104D900001EB801181ED0D0A401C0828EEDB01A813
:104DA00001F008F91CE09FED530AF4EEC08AF1EE21
:104DB00010FA15DD0820FCF71FFA00200EE0B7EE10
:104DC000000A3B4901EB801181ED0C0A1FEDD90A65
:104DD000374901EB801181ED0D0A401C0828EEDBFC
:104DE00000BF9FED440AF4EEC08AF1EE10FA7FF6A0
:104DF000F6AEC82005F00EFF00200EE09FED390A48
:104E00002B4901EB801181ED0C0A9FED3B0A2849EB
:104E100001EB801181ED0D0A401C0828EEDB32E326
:104E2000284800780E28FAD19FED270AB0EE40CA34
:104E30009FED320AF0EE40CA9FED240AB0EE40DA50
:104E40009FED220AF0EE40DA9FED2C0AB0EE40EA28
:104E50009FED2B0AF0EE40EA9FED2A0AB0EE40FAF1
:104E60009FED280AF0EE40FA0120274908709FEDD7
:104E7000180AB0EE409A9FED160AF0EE409A9FEDA8
:104E8000140AF0EE408ADCE22048B0F90000B0F5E8
:104E9000C86F04DD01F01CFB0820FCF7ADF91C48CD
:104EA000D0ED000AB0EE600AFFF7FEF832E0000035
:104EB000D0530020999959409A99993E7F6ABC3CF9
:104EC0006666C63FF4050020CDCC4C3FCDCC4C3EB1
:104ED0000000000004D3000800007A44A40600206B
:104EE00000000842CDCC4C408FC2F53D6666A63F1F
:104EF0000AD7A33D6666E63FEC51B83D9A99193E44
:104F0000666666406666663FA9060020425F00202E
:104F100058610020B0EE409AFD48D0ED000AB0EE96
:104F2000600AFFF7A9F8F0EE409A2022F94901A89B
:104F3000FBF7EBF9FDF7A2FB00EE100AF8EE400AD2
:104F40001FED1B1A80EE810AF348D0ED000A1FED19
:104F50001E1AC0EE811A30EE610AF0EE408A1FED93
:104F6000260AF4EEC08AF1EE10FA16D200200EE006
:104F7000B0EE000AE94901EB801181ED0C0A1FED4A
:104F80002D0AE64901EB801181ED0D0A401C08282D
:104F9000EEDB01A801F00EF852E21FED350AF4EE47
:104FA000C08AF1EE10FA4FDB9FEDDD0AF4EEC08A05
:104FB000F1EE10FA48D200202DE0012801D003289C
:104FC0000ED19FEDD80A01A901EBC00181ED000AC5
:104FD000B8EE080A01A901EBC00181ED010A18E051
:104FE000B2EE0E0A01A901EBC00181ED000AC84929
:104FF000D1ED000ABFEE001AB2EE040A10EE810AEB
:10500000F0EE000A80EE201A01A901EBC00181ED4B
:10501000011A411CC8B20428CFDB00200EE09FED2E
:10502000C20ABE4901EB801181ED0C0A1FED500A46
:10503000BA4901EB801181ED0D0A401C0828EEDB16
:1050400001A800F0B7FFFBE1B14890ED000ADFEDE9
:10505000B70AB4EEE00AF1EE10FA08D890ED000AB3
:10506000DFEDB30AB4EEE00AF1EE10FA0DDA9FEDCF
:10507000AC0AF4EEC08AF1EE10FA4FDB9FEDAD0AF8
:10508000F4EEC08AF1EE10FA48D200202DE001289B
:1050900001D003280ED19FEDA80A01A901EBC001A0
:1050A00081ED000A9FEDA50A01A901EBC00181ED88
:1050B000010A18E0B2EE0A0A01A901EBC00181ED74
:1050C000000A9349D1ED000ABFEE001AB2EE040ABD
:1050D00010EE810AF0EE000A80EE201A01A901EB21
:1050E000C00181ED011A411CC8B20428CFDB0020A9
:1050F0000EE0B0EE080A894901EB801181ED0C0A3F
:105100009FED8F0A854901EB801181ED0D0A401C4E
:105110000828EEDB01A800F04DFF91E19FED850A24
:10512000F4EEC08AF1EE10FA06DD9FED860AF4EE89
:10513000C08AF1EE10FA12D3754890ED000ADFED47
:10514000820AB4EEE00AF1EE10FA56D290ED000AAF
:10515000DFED7E0AB4EEE00AF1EE10FA4DDD00203C
:1051600032E0012801D0032816D1B3EE040A01A9C8
:1051700001EBC00181ED000AF1EE690AB0EE001A00
:1051800080EE810AF1EE040A30EE600A01A901EB1B
:10519000C00181ED010A15E09FED6D0A01A901EB47
:1051A000C00181ED000AF1EE490AB0EE001A80EE6E
:1051B000810AF1EE0C0A30EE200A01A901EBC001D0
:1051C00081ED010A411CC8B20428CADB00200EE0B0
:1051D0009FED550A514901EB801181ED0C0A1FED3D
:1051E000BC0A4E4901EB801181ED0D0A401C0828D4
:1051F000EEDB01A800F0DEFE22E19FED520AF4EEA4
:10520000C08AF1EE10FA06DBB0EE020AF4EEC08AB4
:10521000F1EE10FA12D33E4890ED000ADFED4D0A90
:10522000B4EEE00AF1EE10FA56DD90ED000ADFED83
:105230004A0AB4EEE00AF1EE10FA4DD2002032E054
:10524000012801D0032816D1B3EE060A01A901EB0B
:10525000C00181ED000AF1EE690AB0EE001A80EE9D
:10526000810AF3EE040A30EE200A01A901EBC00125
:1052700081ED010A15E0B3EE010A01A901EBC001BD
:1052800081ED000AF1EE490AB0EE001A80EE810AC3
:10529000F1EE040A30EE600A01A901EBC00181EDD4
:1052A000010A411CC8B20428CADB00200EE0B0EE9F
:1052B0000C0A1A4901EB801181ED0C0A1FEDF60A68
:1052C000164901EB801181ED0D0A401C0828EEDB28
:1052D00001A800F06FFEB3E0B0EE020AF4EEC08A5F
:1052E000F1EE10FA06DB9FED1D0AF4EEC08AF1EE36
:1052F00010FA3CD3064890ED000AF3EE040AB4EE2F
:10530000E00AF1EE10FA7EDD90ED000A28E00000E0
:105310005861002024D30008A4060020D0530020A8
:105320003433733F0000204266668640000070C23E
:105330000000B4C23433933F00000042000034C286
:10534000CDCCCC3DCECCAC3F0000C8C2000002C3E7
:10535000000018420000F042000034439A9949408E
:10536000DFED4B0AB4EEE00AF1EE10FA4BD8002064
:105370002FE0012801D0032817D1B3EE060A01A9B6
:1053800001EBC00181ED000AB1EE690AF0EE000AFE
:1053900080EE201AB3EE040A31EE000A01A901EBF7
:1053A000C00181ED010A12E06DE0B3EE040A01A92B
:1053B00001EBC00181ED000AB1EE490AF0EE000AEE
:1053C00080EE201A01A901EBC00181ED011A411CF8
:1053D000C8B20428CDDB00200EE09FED2E0A2E4936
:1053E00001EB801181ED0C0A9FED2C0A2A4901EB9B
:1053F000801181ED0D0A401C0828EEDB01A800F0A9
:10540000D9FD1DE0FFE71FED2B0AF4EEC08AF1EE97
:1054100010FA15DD0820FBF7EFFE00200EE09FEDEF
:10542000200A1D4901EB801181ED0C0A9FED1B0A3A
:10543000194901EB801181ED0D0A401C0828EEDBB3
:1054400000BF1FED3A0AF4EEC08AF1EE10FA7FF6C3
:105450001BADC82005F0DEFB00200EE0B7EE000A11
:105460000D4901EB801181ED0C0A9FED0E0A0A49EE
:1054700001EB801181ED0D0A401C0828EEDB0020B5
:105480000949087000BF09B0BDEC108B00BD0000D9
:10549000000070429A99193FD05300208FC2F53C0A
:1054A0009A99993EA69B443CA906002017E00C4817
:1054B000007828B90A480078401C094908700AE0B9
:1054C000FDF7DCF800EE100AB8EE400A054880ED62
:1054D000000AFEF781FE0448006805F060FCE6E77C
:1054E000A8060020A4060020100000202DE9F041AD
:1054F0000446607905F04CFA05460026276808E066
:10550000701CC6B20B2E04D1284604F0CFFDBDE8B6
:10551000F081B85D8028F3D16079821BB9192846E3
:10552000FAF7F3FE66B1002000BF06E0395C62794D
:10553000921B0244A954411CC8B2B042F6DB00BF22
:105540000A212846FBF784FBA97A884203D0284623
:1055500004F0ACFDDBE7E87830382449484329798A
:10556000303940F2712211FB02F100EB0111687930
:10557000303800EB4002C2EBC01001EBC001E8790B
:10558000303800EBC00202EB001001EB8001287AFA
:10559000303800EB800001EB4001687A3038084475
:1055A00000EE100AB8EEC00A84ED020A94ED020A79
:1055B000DFED0F0AB4EEE00AF1EE10FA06DC94ED2E
:1055C000020AB5EEC00AF1EE10FA04D2094890EDD5
:1055D000000A84ED020A94ED020A064880ED000AF2
:1055E000284604F063FD00BF91E70000A08601009B
:1055F00000401C46DC0000202DE9F04104460F4627
:1056000015461E462760257166710422024903482B
:10561000FEF7D8FCBDE8F081E4000020C0060020C1
:1056200008B500BF002000902248006840F4001038
:10563000204908600846006800F40010009000BF90
:1056400000BF00BF002000900846006840F48000C2
:1056500008600846006800F48000009000BF00BFAA
:10566000002205213A20FDF7B9F83A20FDF7A6F807
:10567000002205210C20FDF7B1F80C20FDF79EF863
:10568000002205210D20FDF7A9F80D20FDF796F861
:10569000002205210E20FDF7A1F80E20FDF78EF85F
:1056A000002205210F20FDF799F80F20FDF786F85D
:1056B00008BD00003038024010B5194A00211948D1
:1056C00005F0FEFA18490860184A0021184805F04C
:1056D000F7FA18490860184A0021184805F0F0FA4E
:1056E00017490860174A0021174805F0E9FA1749D9
:1056F0000860174A0021174805F0E2FA16490860C9
:10570000164A0021164805F0DBFA16490860164AC9
:105710000021164805F0D4FA1549086010BD0000B4
:1057200068CF0008950A0008000000208CCF000810
:105730000964000804000020B0CF00089D5B000849
:10574000080000201CD00008496100081400002057
:10575000D4CF0008516500080C000020F8CF0008E5
:10576000AD5400081000002040D000080963000874
:105770001800002000B587B0142102A8FAF7DEFD5A
:1057800000BF002001906648006840F04000644976
:1057900008600846006800F04000019000BF00BFAC
:1057A00000BF002001900846006840F0010008603A
:1057B0000846006800F00100019000BF00BF00BF74
:1057C000002001900846006840F01000086008467C
:1057D000006800F01000019000BF00BF00BF002073
:1057E00001900846006840F0020008600846006822
:1057F00000F00200019000BF00BF00BF0020019038
:105800000846006840F0040008600846006800F0A0
:105810000400019000BF00BF00BF002001900846B7
:10582000006840F0800008600846006800F08000D2
:10583000019000BF00BF00BF002001900846006833
:1058400040F0080008600846006800F00800019079
:1058500000BF00BF00BF002001900846006840F470
:10586000807008600846006800F48070019000BFF6
:1058700000BF002240212B48FCF7FAFE0022042141
:105880002948FCF7F5FE012211032648FCF7F0FE3B
:105890004FF4825002900120039000200490059064
:1058A00002A92048FCF7DEFD0420029001200390AD
:1058B00000200490059002A91B48FCF7D3FD4FF48B
:1058C0007040029000200390012004900320059076
:1058D00002A91648FCF7C6FD4FF440600290002074
:1058E0000390012004900020059002A91048FCF7C5
:1058F000B9FD802002900020039001200490002038
:10590000059002A90B48FCF7ADFD0820029000208D
:105910000390049002A90848FCF7A4FD07B000BD5D
:10592000303802400010024000180240000C0240D3
:10593000001C0240002002400000024010B50D484B
:105940000D4908604FF41650486000210A488160F4
:10595000C16001610C21416100218161C161FDF7DC
:1059600041FF08B1FCF7FEFA0B2204490248FEF79A
:105970004FFA10BD004C0040C0060020685F0020B8
:1059800010B50D480D4908604FF4165048600021CD
:105990000A488160C16001610C214161002181617F
:1059A000C161FDF71FFF08B1FCF7DCFA06220449CC
:1059B0000248FEF72DFA10BD0078004004070020D1
:1059C000E900002010B50A480A4908600A48486002
:1059D000002108488160C16001610C214161002102
:1059E0008161C161FDF7FEFE08B1FCF7BBFA10BD95
:1059F000001401408C07002000093D0000BFFEE7B5
:105A000010B588B000202DE0411C594A02EB8012ED
:105A100011840121564A02EB801251849FED550AF0
:105A2000534901EB801181ED090A9FED520A50495B
:105A300001EB801181ED0A0A9FED4E0A4C4901EB02
:105A4000801181ED0B0A9FED4B0A494901EB801152
:105A500081ED0C0A9FED470A454901EB801181ED6C
:105A60000D0A401C0828CFDB202243496846FAF77C
:105A70004CFC00240BE004EBC40101EB04113F4A91
:105A800002EB8100694600F079FA601CC4B2082C70
:105A9000F1DB42F6E06004904FF4FA6005909FED70
:105AA000380A8DED000A9FED370A8DED010A0024BA
:105AB0000BE004EBC40101EB0411334A02EB81005B
:105AC000694600F05BFA601CC4B2082CF1DB42F2BC
:105AD0001070049000200590B2EE040A8DED000ACB
:105AE0009FED240A8DED010A9FED220A8DED020A39
:105AF0006946264800F042FA1020049000200590E4
:105B0000B7EE080A8DED000A9FED1A0A8DED010A25
:105B10009FED1F0A8DED020A69461E4800F02EFA1D
:105B200042F21070049000200590B2EE040A8DED50
:105B3000000A9FED100A8DED010A9FED0E0A8DED12
:105B4000020A6946114800F019FA00240CE004EB3F
:105B50004401114A02EBC100F3EE0B0AB2EE0E0A49
:105B600000F0D0FD601CC4B2042CF0DB08B010BD06
:105B7000D05300200000000084D20008D05700203D
:105B8000A69B443C17B7D138F05A0020105E002085
:105B90000AD7233C745E002048600020CDE1E7482E
:105BA000007801286FD1002037E1012805D00328B3
:105BB00003D0042801D0062840D1014600EBD17261
:105BC0005210A0EB4202DAB9DD4901EB800191ED00
:105BD000000ADC49D1ED000A30EE200ADA49D1EDA5
:105BE000000A30EE600AD94901EB8001D1ED000ACC
:105BF00030EE200AD64901EB800181ED000A5EE01B
:105C0000CF4901EB800191ED000ACE49D1ED000AA8
:105C100030EE200ACC49D1ED000A30EE600ACB49C3
:105C200001EB8001D1ED000A30EE600AB1EE400ACE
:105C3000C74901EB800181ED000A40E0014600EB1D
:105C4000D1725210A0EB4202F2B9BD4901EB8001C2
:105C500091ED000ABF49D1ED000A30EE200ABA49A1
:105C6000D1ED000A30EE200AB84901EB8001D1EDF8
:105C7000000A30EE600AB1EE400AB54901EB80013E
:105C800081ED000A1BE0CEE0AD4901EB800191ED12
:105C9000000AB049D1ED000A30EE200AAA49D1ED40
:105CA000000A30EE200AA94901EB8001D1ED000A7B
:105CB00030EE200AA64901EB800181ED000A04289C
:105CC00005D0062803D0052801D007284CD1A249C9
:105CD0000978022948D1014600EBD1725210A0EB9D
:105CE000420202BB964901EB800191ED000A954901
:105CF000D1ED000A30EE200A9849D1ED000A30EECD
:105D0000200A9149D1ED000A30EE600A8F4901EB7B
:105D10008001D1ED000A30EE200A8D4901EB8001AF
:105D200081ED000A77E0864901EB800191ED000AE0
:105D30008849D1ED000A30EE200A8849D1ED000AE9
:105D400030EE200A8049D1ED000A30EE600A7F492A
:105D500001EB8001D1ED000A30EE200A7C4901EB15
:105D6000800181ED000A56E07B490978012952D172
:105D700028B1012803D0022801D003284BD10146C5
:105D800000EBD1725210A0EB420212BB6C4901EB46
:105D9000800191ED000A6F49D1ED000A30EE200A32
:105DA0006F49D1ED000A30EE200A6749D1ED000AB3
:105DB00030EE600A654901EB8001D1ED000A30EE5A
:105DC000600AB1EE400A624901EB800181ED000AF0
:105DD00021E05B4901EB800191ED000A5949D1EDC9
:105DE000000A30EE200A5E49D1ED000A30EE200AAA
:105DF0005549D1ED000A30EE600A544901EB8001AB
:105E0000D1ED000A30EE600AB1EE400A504901EBD4
:105E1000800181ED000A411CC8B20828FFF6C5AE1A
:105E20000020464908704A48D0ED000AB0EE600AEA
:105E30004C48018CFCF79AF84548D0ED010AB0EEC9
:105E4000600A4848B0F860104030FCF78FF84048CE
:105E5000D0ED020AB0EE600A4248B0F8A0108030DF
:105E6000FCF784F83A48D0ED030AB0EE600A3D48EA
:105E7000B0F8E010C030FCF779F83548D0ED040AEE
:105E8000B0EE600A3748B0F8201100F58070FCF7DA
:105E90006DF82F48D0ED050AB0EE600A3148B0F831
:105EA000601100F5A070FCF761F82948D0ED060AF2
:105EB000B0EE600A2B48B0F8A01100F5C070FCF7F6
:105EC00055F82348D0ED070AB0EE600A2548B0F82F
:105ED000E01100F5E070FCF749F82349214800F093
:105EE000A5FA214940311F48403000F09FFA1E4971
:105EF00080311C48803000F099FA1B49C0311948A4
:105F0000C03000F093FA1949194800F08FFA174988
:105F100040311748403000F089FA14498031144864
:105F2000803000F083FA1149C0311148C03000F0D0
:105F30007DFA03210F4805F04BFF30E6F6050020FF
:105F4000386100205C0600205006002074610020AB
:105F5000985F0020600600207C0600207406002068
:105F600078060020D0530020D0550020D0560020C5
:105F7000D0540020FC00002000BFFEE791ED000A95
:105F800080ED000A91ED010A80ED010A91ED020A0F
:105F900080ED020A0A7B80F850200A6942654A694E
:105FA000826591ED060A80ED170A91ED070A80EDF2
:105FB000180A704770B5054600247CE00CB1012C2E
:105FC00024D1404A02EBC40105EBC40000F084F880
:105FD0003C4901EBC40191ED011AF0EE410A394947
:105FE00001EBC40191ED001AB0EE410A04EB44014B
:105FF000354A02EBC10000F0FBFB04EB4401324ADE
:1060000002EBC100012100F083FB23E02D4A02EBEB
:10601000C40105EBC40000F05FF82A4901EBC4019C
:1060200091ED011AF0EE410A264901EBC40191ED10
:10603000001AB0EE410A04EB4401234A02EBC1000E
:1060400000F0D6FB04EB44011F4A02EBC100002123
:1060500000F05EFB04EB44001B4901EBC00090ED37
:10606000030ADFED1A0A30EEC00AB1EE400AF7EE7D
:10607000000A80EE201A164901EBC40080ED001AD8
:1060800004EB4400104901EBC00090ED020ADFED83
:106090000F0A30EE200AB1EE400AF7EE000A80EE59
:1060A000201A012000EB4400094901EB800080ED3B
:1060B000001A601CC4B2042C80DB01200549087062
:1060C00070BD0000B461002048600020DB0FC93FB4
:1060D00038610020F605002070B52DED028B0446D6
:1060E0000D4694ED010ADFED160A20EE200ADFEDE1
:1060F000150A80EE201AB0EE418AB0EE480A02F08E
:106100007BF9D4ED000A20EE200A85ED010A94ED1A
:10611000010ADFED0B0A20EE200ADFED0A0A80EE0D
:10612000201AB0EE418AB0EE480A03F0F1F8D4ED3F
:10613000000A20EE200A85ED000ABDEC028B70BD3E
:10614000D00F494000003443BEE060480078C0EB07
:10615000C0005F4A02EB80011C225E48FAF7D5F8C6
:106160005A480078C0EBC0005B4A02EB0011702275
:106170005A48FAF7CAF85A480078E0B1FCF77EFAB4
:1061800000EE100AB8EE400ADFED560A80EE201A43
:10619000554880ED001A00200BE0534991ED000AAC
:1061A00000EBC001514A02EB810181ED070A411C5D
:1061B000C8B20428F1DB00240AE004EBC4014B4A16
:1061C00002EB81001C224349FAF79FF8601CC4B21D
:1061D000042CF2DB46494548FBF760FB3B4800785E
:1061E000122866D2DFE800F0652265652A32385948
:1061F000096640454A5F5465654F00200FE09FEDFA
:106200003D0A3D4901EB800181ED000AB3EE040A2D
:106210003A4901EB800181ED000A411CC8B2042813
:10622000EDDB00F0D1FB01F03DF948E00120FAF789
:106230001FFD00F0C9FB01F035F940E00420FAF73A
:1062400017FD00F0C1FB01F02DF938E00520FAF749
:106250000FFD00F0B9FB32E00620FAF709FD00F06F
:10626000B3FB01F01FF900BF2548006804F084FD6E
:1062700025E02348006804F07FFD20E02048006806
:1062800004F07AFD1BE01E48006804F075FD16E07E
:106290001B48006804F070FD11E00720FAF7E8FCE5
:1062A00000F092FB0BE00D20FAF7E2FC00F08CFB13
:1062B00005E000BF4FF4FA7004F0ACFC00BF00BF73
:1062C0000621104805F084FD3FE70000F40500209A
:1062D000CC010020B0010020C40300208405002070
:1062E000FC05002000007A44F8050020A86000208A
:1062F000425F00200000000094610020A4610020A3
:1063000010000020A006002009E00548007830B108
:106310000820FAF771FF0348006804F040FDF4E735
:106320007D0600201800002010B512220249034803
:10633000FDF76EFD10BD0000305F00204807002013
:1063400010B503460C4603B104B910BD187859784E
:1063500040EA0120C0F30A0020805878C0109978E4
:1063600040EA4110C0F30A00608098788011D97823
:1063700040EA8100197940EA8120C0F30A00A08038
:1063800018794010597940EAC110C0F30A00E08042
:10639000587900118008A0725879C0F30111E17298
:1063A0009879D97940EA012000B2A081187A597A07
:1063B000090209B2084304F10C01E081987AD97A04
:1063C000090209B2084304F10C012082197BA1746F
:1063D000597BE174987BD97B40EA0120A082187C2C
:1063E000597C090209B208432081204600F002F8D6
:1063F00000BFAAE7C17A827A41EA0211014A11700C
:1064000070470000DA0000200AE005F08DFB054926
:106410000548FFF795FF05F0B1FB0A2004F0FAFBF1
:10642000F3E70000425F0020305F00207CB50646A5
:106430000C4600200190304604F0E0FA0122402191
:106440002148FCF715F9012211031F48FCF710F948
:106450001423112231461D48FDF74BFD00224FF455
:1064600080511948FCF704F9002240211648FCF736
:10647000FFF805F059FB0A2001AB102221460090DD
:106480001248FCF758FF05F079FB204603F0A2FD07
:10649000BDF8040008B903207CBDBDF80400102835
:1064A00001D00120F8E725462878FE2809D1687830
:1064B000EE2806D101202062204603F08BFD00204B
:1064C000EAE70120E8E70000001002408C07002006
:1064D00010B500200EE0B5EE000A154901EB801161
:1064E00081ED0C0A9FED130A114901EB801181ED3A
:1064F0000D0A401C0828EEDB962004F08BFB9FED74
:106500000E0A0E4880ED000A9FED0B0A0C4880ED44
:10651000000A9FED090A0B4880ED000A9FED060A6C
:10652000094880ED000A00200849087010BD0000ED
:10653000D05300200AD7A33D0000000060060020D1
:106540005C06002078060020740600207D060020EE
:10655000B3E0002400200EE09FED580A584901EBFB
:10656000801181ED0C0A9FED570A554901EB80110E
:1065700081ED0D0A401C0828EEDB514890ED0C0A15
:10658000DFED510A20EE200ABCEEC00A10EE100A20
:1065900085B24E480078401FC0EB0010C0F15A0091
:1065A0004B490880002426E0604200EE100AB8EE55
:1065B000C00ADFED480A20EE200ADFED470A80EE30
:1065C000201A464880ED001A00EE104AB8EE400A44
:1065D000DFED400A20EE200ADFED3F0A80EE201AB0
:1065E0003F4880ED001A3A48008804F013FB374812
:1065F00000782044C4B2412CD6DD384890ED000A22
:10660000384880ED000A364890ED000A364880EDA3
:10661000000A002432E02D480078801E00EE100AA7
:10662000B8EEC00ADFED2B0A20EE200ADFED2A0AC1
:1066300080EE201A2A4890ED000A30EE410A80EDE3
:10664000000A2248007800EE100AB8EE400ADFED9A
:10665000210A20EE200ADFED200A80EE201A1F48D2
:1066600090ED000A30EE410A80ED000A18480088DB
:1066700004F0D0FA154800782044C4B2412CCADD99
:10668000642004F0C7FADFED190A9FED190AFAF742
:10669000CDFA124890ED000A164880ED000A104825
:1066A00090ED000A144880ED000A0120134908709B
:1066B0001348006804F073FB00BF4AE73333B33E6E
:1066C000D05300208FC2F53C000048437E060020D6
:1066D00080060020D00F49400000344360060020AF
:1066E0005C06002064060020680600207F6ABC3C2F
:1066F0006666C63F6C060020700600207D060020FE
:106700000C00002080ED000AC0ED010A7047000077
:1067100070B52DED048B04460D46D4ED040A60EEF1
:10672000A00A94ED051AD4ED051A41EE210AB0EE47
:10673000600A02F0B5FEB0EE409A2C48007870B1C5
:1067400094ED040AC0EE090AF0EE609AB0EE690A10
:1067500001F0EAFBF0EE000A20EE208A0EE023486A
:10676000007858B994ED040AC0EE090AF0EE609A78
:10677000B0EE690A01F0D8FBB0EE408A94ED000A51
:1067800020EE000A09EE090AD4ED010A94ED011A7F
:1067900000EEC10AF0EE000A69EE200A94ED001A3C
:1067A00060EE810A80EE201AF0EE419AB0EE690A9E
:1067B00001F07EF9F0EE408A45B938EE680A84EDC2
:1067C000020A38EE280A84ED030A0BE038EE280AA4
:1067D000B1EE400A84ED020A38EE680AB1EE400AD2
:1067E00084ED030ABDEC048B70BD0000A9060020F7
:1067F00080ED040AC0ED050A704710B54FF0E020A7
:10680000006906F05BF9012801D005F0A5FD10BD77
:1068100000B593B0302107A8F9F790FD142102A824
:10682000F9F78CFD00BF002001902648006840F079
:106830008050244908600846006800F080500190AC
:1068400000BF00BF00BF002001901F48006840F457
:1068500040401D4908600846006800F4404001902F
:1068600000BF00BF012007900004089002200D9097
:1068700041050E9106210F91B42110910221119131
:106880000421129107A8FCF7A3F908B1FBF76AFBF2
:10689000FBF7F6FF08B1FBF765FB0F200290022023
:1068A0000390002004904FF4A05005904FF48050C6
:1068B0000690052102A8FCF729F808B1FBF752FB66
:1068C00013B000BD4038024000700040034800682B
:1068D00040F47000014908607047000088ED00E056
:1068E00010B50248FCF74DFC10BD0000B40A0020B2
:1068F00010B50268294B98420ED0B0F1804F0BD0F2
:10690000274B984208D0274B984205D0264B9842F7
:1069100002D0264B984203D122F070024B681A43F2
:106920001E4B984220D0B0F1804F1DD01C4B984296
:106930001AD01C4B984217D01B4B984214D01B4BBB
:10694000984211D01A4B98420ED01A4B98420BD055
:10695000194B984208D0194B984205D0184B9842D1
:1069600002D0184B984203D122F44072CB681A43EC
:1069700022F080034C6943EA040202608B68C36220
:106980000B688362054B984202D0084B984201D1B4
:106990000B6903630123436110BD00000000014047
:1069A0000004004000080040000C004000040140CA
:1069B00000400140004401400048014000180040F0
:1069C000001C00400020004010B54B480078012812
:1069D00077D100246EE00CB1012C1DD1474901EBA9
:1069E000840191ED001AF0EE410A454901EB840162
:1069F00091ED001AB0EE410A04EB4401414A02EB6A
:106A0000C100FFF7F5FE04EB44013E4A02EBC10072
:106A10000121FFF77DFE1CE0384901EB840191ED77
:106A2000001AF0EE410A364901EB840191ED001A9B
:106A3000B0EE410A04EB4401324A02EBC100FFF719
:106A4000D7FE04EB44012F4A02EBC1000021FFF7FF
:106A50005FFE04EB44002B4901EBC00090ED030AFC
:106A6000DFED290A30EEC00AB1EE400AF7EE000A67
:106A700080EE201A254901EBC40080ED001A04EBDA
:106A80004400204901EBC00090ED020ADFED1E0A30
:106A900030EE200AB1EE400AF7EE000A80EE201A2E
:106AA000012000EB4400194901EB800080ED001A41
:106AB000601CC4B2042C8EDB01201549087019E05B
:106AC000FFE7002011E09FED130A104A02EBC0011E
:106AD00081ED000A9FED0F0A012101EB400102EB5D
:106AE000810181ED000A411CC8B20428EBDB0120C2
:106AF0000749087010BD00007D060020A461002039
:106B00009461002048600020DB0FC93F38610020FD
:106B1000F60500200000000010B50248FCF7F2FC6A
:106B200010BD0000C006002010B50248FCF7EAFCCA
:106B300010BD00000407002008B500BF0020009031
:106B40003048006840F400102E490860084600688C
:106B500000F40010009000BF00BF2B482B490860D4
:106B600000054860002129488160C1604FF48061C0
:106B70000161002141618161C1614FF440310162D5
:106B80000021C1620163FBF799FB00BF1F48204948
:106B9000886308461D49886300BF00220421112034
:106BA000FBF71CFE1120FBF709FE17489038194926
:106BB00008604FF020604860402116488160002145
:106BC000C1604FF480610161002141618161C16157
:106BD0004FF4403101620021C1620163FBF76EFB9B
:106BE00000BF0C480A49486308460A49886300BF49
:106BF000002204210B20FBF7F1FD0B20FBF7DEFD4B
:106C000008BD000030380240A0600240F4090020B6
:106C1000D00700209409002010B50248FCF772FC50
:106C200010BD0000D007002010B50D480D490860C8
:106C30004FF41650486000210A488160C16001612C
:106C40000C21416100218161C161FCF7CBFDFFF79F
:106C500073FF0B2204490348FDF7DAF810BD00006A
:106C6000007C0040D0070020D85E002070B50546AB
:106C7000AC6B0020E085E0842046FCF742FC70BD50
:106C800070B506460025B46B20684069C0F3C01596
:106C900094F83D00212805D125B10020E08420464C
:106CA00000F0F7F820684069C0F3801594F83E00C2
:106CB000222805D125B10020E085204600F0A3F868
:106CC000206C40F0100020642046FCF71AFC70BDD8
:106CD00070B50546AC6B2868006800F48070002829
:106CE00042D1E08500BF00BF21680C3151E8001F90
:106CF00021F4807021680C3141E80002002AF3D1B0
:106D000000BF00BF00BF2168143151E8001F21F00F
:106D100001002168143141E80002002AF3D100BFCC
:106D200000BF00BF2168143151E8001F21F040006E
:106D30002168143141E80002002AF3D100BF20206D
:106D400084F83E00206B01280ED100BF00BF2168EF
:106D50000C3151E8001F21F0100021680C3141E88E
:106D60000002002AF3D100BF206B012804D1A18DBD
:106D70002046FCF780FB02E02046FDF76BF870BD73
:106D800070B50546AC6B206B012805D1A08D41087C
:106D90002046FCF770FB02E02046FDF7A9F870BD25
:106DA00070B50546AC6B2868006800F48070F8B9CF
:106DB0000020E08400BF00BF2168143151E8001FAB
:106DC00021F080002168143141E80002002AF3D14B
:106DD00000BF00BF00BF21680C3151E8001F41F027
:106DE000400021680C3141E80002002AF3D102E0A2
:106DF0002046FDF73DF970BD70B50446A56B2846E9
:106E0000FDF737F970BD00BF00BF02680C3252E8D1
:106E1000002F22F4907102680C3242E80013002B1C
:106E2000F3D100BF00BF00BF0268143252E8002F48
:106E300022F001010268143242E80013002BF3D162
:106E400000BF016B01290ED100BF00BF02680C32E8
:106E500052E8002F22F0100102680C3242E80013C1
:106E6000002BF3D100BF202180F83E1000210163E8
:106E7000704710B504462068C06820F040002168C3
:106E8000C860202084F83D002046FDF7F1F800207E
:106E900010BD00BF00BF02680C3252E8002F22F084
:106EA000C00102680C3242E80013002BF3D100BF8E
:106EB000202180F83D107047F8B5044694F83E0054
:106EC000222873D1A068B0F5805F0CD1206950B939
:106ED0000025A66A20684068C0F308003080A06AD8
:106EE000801CA06215E0A56A0026A068B0F5805F4E
:106EF00003D0A06828B9206918B9206840682870B4
:106F000004E02068406800F07F002870A06A401C00
:106F1000A062E08D401E80B2E085002844D1206848
:106F2000C06820F020002168C8602068C06820F494
:106F300080702168C8602068406920F001002168E5
:106F40004861202084F83E00206B012826D10020D3
:106F5000206300BF00BF21680C3151E8001F21F001
:106F6000100021680C3141E80002002AF3D100BF73
:106F70002068006800F0100010280AD100BF00202F
:106F8000009020680068009020684068009000BF72
:106F900000BFA18D2046FCF76EFA02E02046FCF708
:106FA00059FF0020F8BD01E00020FBE70220F9E7CF
:106FB0002DE9F84F04462068006920F44050E1684C
:106FC0000843216808612169A06808436169084392
:106FD000E169084300902068C06849F20C61884369
:106FE000009908432168C8602068406920F4407017
:106FF000A16908432168486176492068884203D026
:1070000075492068884203D1FBF77AFD814602E08A
:10701000FBF766FD8146E069B0F5004F6CD10220B8
:107020006168A0FB015003461920A9FB00700146CE
:107030002A463846F9F738F96421B0FBF1F04FEAF7
:10704000001A02206168A0FB01510B461920A9FB20
:1070500000712A463846F9F727F98346022061680D
:10706000A0FB015003461920A9FB00712A463846AF
:10707000F9F71AF96421B0FBF1F000EBC00101EB64
:107080000010ABEB8000322101EBC0006421B0FBAB
:10709000F1F000F0F8000AEB400A02206168A0FB62
:1070A000015003461920A9FB007001462A463846C4
:1070B000F9F7FAF8834602206168A0FB0150034605
:1070C0001920A9FB00712A463846F9F7EDF864212A
:1070D000B0FBF1F000EBC00101EB0010ABEB800066
:1070E000322101EBC0006421B0FBF1F000F0070099
:1070F0005044216888606AE004206168A0FB015068
:1071000003461920A9FB007001462A463846F9F7C4
:10711000CBF8824604206168A0FB01500346192089
:10712000A9FB007001462A463846F9F7BDF86421EC
:10713000B0FBF1F000EBC00101EB0010AAEB800006
:10714000322101EB00106421B0FBF1F000F0F00AF5
:1071500004206168A0FB017003461920A9FB0051BF
:107160003A462846F9F7A0F86421B0FBF1F00AEBA3
:10717000001A04206168A0FB01510B461920A9FBED
:1071800000712A463846F9F78FF883460420616873
:10719000A0FB015003461920A9FB007001462A46B6
:1071A0003846F9F781F86421B0FBF1F000EBC0013B
:1071B00001EB0010ABEB8000322101EB00106421E9
:1071C000B0FBF1F000F00F00504421688860BDE88A
:1071D000F88F0000001001400014014077B581B025
:1071E000044615460298A062A5850020206422204E
:1071F00084F83E002948A16BC8632948A16B086444
:107200002848A16BC8640020A16B086502AE3268F3
:107210002368191D2B46A06BFBF7C6F800BF0020A2
:10722000009020680068009020684068009000BFCF
:1072300000BF00BF002084F83C0000BF00BF00BFBB
:1072400021680C3151E8001F41F4807021680C3135
:1072500041E80002002AF3D100BF00BF00BF21684F
:10726000143151E8001F41F001002168143141E858
:107270000002002AF3D100BF00BF00BF2168143113
:1072800051E8001F41F040002168143141E800023C
:10729000002AF3D100BF002004B070BDD16C0008FB
:1072A000816D0008816C0008014691F83D0021289D
:1072B00028D18868B0F5805F0BD1086948B90A6A9F
:1072C0001088C0F308000B685860086A801C0862C8
:1072D00005E00B6A581C086218780B685860C88C67
:1072E000401E80B2C88458B90868C06820F0800089
:1072F0000B68D8600868C06840F040000B68D86030
:10730000002070470220FCE72DE9F04104460D46BD
:1073100017469846069E34E0701C88B32EB1FBF7E2
:10732000ADF9A0EB0800B0422BD900BF00BF216827
:107330000C3151E8001F21F4D07021680C3141E874
:107340000002002AF3D100BF00BF00BF2168143142
:1073500051E8001F21F001002168143141E80002CA
:10736000002AF3D100BF202084F83D0084F83E00BD
:1073700000BF002084F83C0000BF0320BDE8F0817E
:10738000FFE7206800682840A84201D1012000E002
:107390000020B842C0D00020F0E7000008B500BFD0
:1073A000002000901B48006840F4800019490860E4
:1073B0000846006800F48000009000BF00BF164837
:1073C000164908604FF00060486000211348816052
:1073D000C1604FF480610161002141618161C1613F
:1073E0004FF4403101620021C1620163FAF766FF88
:1073F00000BF0A480A49886308460849886300BFF5
:10740000002205214420FBF7E9F94420FBF7D6F9D7
:1074100008BD00003038024088640240540A002051
:107420004807002010B50248FCF76CF810BD0000BA
:107430004807002010B50A480A4908600A48486011
:10744000002108488160C16001610C214161002177
:107450008161C161FCF7C6F9FFF7A0FF10BD000014
:107460000010014048070020A0860100FF210170A4
:10747000002141709FED090A80ED030A9FED070A84
:1074800080ED040A01210162002104E00023821C36
:1074900053544A1CD1B20629F8DB704700000000A3
:1074A00000BFFEE710B5F2EE040AB2EE040A02488D
:1074B00002F024FE10BD0000AC06002010B52DED3A
:1074C0000A8BFBF7DBF800EE100AB8EE400ADFED9E
:1074D000300A80EE201A2F4880ED001A2E48C0781E
:1074E000AA284CD12C48007910BB2B498879F9F790
:1074F000B8F841EC1C0B9FED290B53EC102BF8F75F
:10750000CFFF41EC1A0B24494879F9F7AAF841EC6E
:107510001B0B53EC1A2BF8F71CFF41EC190B81F0F5
:10752000004141EC180BF9F705F91B49C86021E04F
:107530001948007901281DD117498879F9F791F880
:1075400041EC1B0B9FED150B53EC102BF8F7A8FF2C
:1075500041EC190B10494879F9F783F841EC1A0B03
:1075600053EC192BF8F7F5FE41EC180BF9F7E2F89C
:107570000949C8600848C0790749086200BF00BFD0
:1075800005480021C0F80210C180BDEC0A8B10BD77
:1075900000007A44F0000020745F00209A999999C5
:1075A0009999B93F7FB505460024002002900390C9
:1075B000009001903348016802918088ADF80C007A
:1075C00001E0601CC4B202A8005DFF2801D0062CB7
:1075D000F7DB062C00DB7FBDC4F1060202A801190F
:1075E0006846F8F792FE002007E002A9095CC4F1A2
:1075F000060202440DF80210401CA042F5DB9DF883
:10760000010000EE100AB8EE400ADFED1F0A80EE1E
:10761000201A1E4880ED051A9DF8020040B11B4853
:1076200090ED050AFFEE000A20EE200A80ED050A23
:107630009DF8030000EE100AB8EE400ADFED120AD2
:1076400080EE201A114880ED061A9DF8040040B122
:107650000E4890ED060AFFEE000A20EE200A80EDAB
:10766000060A9DF805000949087708460021C0F878
:107670000210C18000982860BDF80400A88000BFF7
:10768000A9E70000E90000200000C642745F002066
:1076900070B504460D46AAB2642321460148FCF7A2
:1076A00049FB70BD8C07002070B504460D46AAB298
:1076B000642321460148FCF71CFC70BD8C070020A8
:1076C00003B401984100009850EAC12018BF04207B
:1076D0004A0D18BF40F0010040F2FF72B2EB515F5B
:1076E00008BF40F00200012808BF052002B0704723
:1076F0004100080218BF04200A0E18BF40F0010024
:107700004FF07F4232EA010108BF40F00200012839
:1077100008BF05207047000002480068C0F302203F
:10772000704700000CED00E010B5002804DB0A07EC
:10773000130E054A135406E00A07140E034A00F01C
:107740000F031B1FD45410BD00E400E018ED00E04F
:10775000EFF305807047000010B5B94A2DED020B1C
:107760002DED0C8B82B00F9921F000409FEDB6CB30
:1077700090422CDBA0F140530E9AA3F17F631A4391
:107780000FD0B349884202DC16D10E98A0B19DED0E
:107790000E0B02B0BDEC0C8B02B0BDE8104002F045
:1077A0009FBA0029C1BF9FEDAC0B02B0BDEC0C8BA2
:1077B00002B0C8BF10BD16E0012002F0A3FB02B06A
:1077C000BDEC0C8B02B0BDE8104002F09DBAA44A9B
:1077D0009FEDA59B9FEDA6AB90425EDAA6499FED7B
:1077E000A8CB814208DBB0EE4C0AF0EE6C0A02B086
:1077F000BDEC0C8B02B010BD9DED0E0B53EC102BAD
:1078000051EC100BF8F74CFE41EC180B9E4806218A
:10781000B0EE480AF0EE680A784402F035F953EC0D
:10782000182B51EC100BF8F73BFE41EC1B0B974863
:10783000B0EE480AF0EE680A0421784402F024F918
:1078400053EC182B51EC100BF8F72AFE53EC192BC4
:10785000F8F77FFD41EC100B51EC1B0B53EC102B98
:10786000F8F790FE41EC100B53EC102B9DED0E0B36
:1078700051EC100BF8F714FE53EC1A2BF8F70DFE31
:107880009DED0E1B53EC112BF8F707FE53EC1C2B50
:10789000F8F703FE41EC100BA9E79FED7D8B9FED00
:1078A0007EBB9DED0E0B002953EC192B51EC100BF8
:1078B00052DAF8F74EFD53EC182BF8F7F1FD41ECD6
:1078C000180B77480621B0EE480AF0EE680A7844B3
:1078D00002F0DAF853EC182B51EC100BF8F7E0FD3E
:1078E00041EC1D0B6F48B0EE480AF0EE680A042127
:1078F000784402F0C9F853EC182B51EC100BF8F750
:10790000CFFD53EC192BF8F724FD41EC190B51EC8A
:10791000180B04F051F841EC180B53EC192B51ECF7
:107920001D0BF8F72FFE53EC182BF8F7B9FD53ECAD
:107930001A2BF8F7AFFD41EC100B51EC180B53EC80
:10794000102BF8F706FD53EC1B2BF8F7A9FD53ECB1
:107950001C2BF8F7A2FD6DE0F8F79FFD53EC182BF8
:10796000F8F79EFD41EC180B04F026F841EC1A0BD9
:1079700000208DED00AB00909DED000B51EC1A0B3B
:1079800053EC102BF8F7E5FC9DED000B41EC1C0BC4
:1079900053EC102B51EC100BF8F782FD53EC182B25
:1079A000F8F77BFD53EC1C2BF8F7ECFD41EC1C0BBE
:1079B0003D48B0EE480AF0EE680A0621784402F02D
:1079C00063F853EC182B51EC100BF8F769FD41EC00
:1079D0001D0B3648B0EE480AF0EE680A04217844E0
:1079E00002F052F853EC182B51EC100BF8F758FD3D
:1079F00053EC192BF8F7ADFC41EC100B51EC1D0BBF
:107A000053EC102BF8F7BEFD53EC1A2BF8F748FD9A
:107A100053EC1C2BF8F79DFC41EC100B53EC102B96
:107A20009DED000B51EC100BF8F793FC53EC1B2B66
:107A3000F8F736FD41EC100BD9E60000000000001D
:107A40000000F03F00000000182D4454FB210940C5
:107A50000000F07F000000000000000000000000B7
:107A60000000E03F00000000000000000000F03FC8
:107A7000075C143326A6913C0000603C0000000027
:107A8000182D4454FB21F93F2C5B00003A5B0000A9
:107A9000000000000000E03F000000000000004087
:107AA000765A0000845A0000885900009659000058
:107AB00010B510EE104A4FF01A402DED028B00EB7E
:107AC0004400B0F1C85F4AD84FF0FC40B0EB440F1F
:107AD00022D2B0EEC00AF7EE000A30EEC00AF6EE8F
:107AE000000A20EE208A18EE100A03F09CFF00EE38
:107AF000100A14F0004F1DBF9FED281ADFED280A71
:107B0000B1EE400A9FED271A08BFF0EE410AF8EEE9
:107B1000001A20EE210A05E020EE008A9FED221ACD
:107B2000DFED220ADFED221A9FED222A70EEC00A55
:107B300020EE080A08EE212ADFED1F1A48EE021A8D
:107B40009FED1E2A08EE212ADFED1D1A48EE021ACB
:107B5000BDEC028B40EE610A30EE810A10BD4FF0A1
:107B6000CC40B0EB440F82BF9FED160ABDEC028BF8
:107B700010BD4FF07F40B0EB440F05D2BDEC028B3F
:107B8000BDE8104002F0F0B8012002F0BBF9BDECF6
:107B9000028BBDE8104002F0EBB800000000494045
:107BA00022AA7D3A000000000000C93F22AAFD3948
:107BB00024FE1C3DC78AD83C1E67383D1B93993D67
:107BC000AFAA2A3EDB0FC93F70B5C1482DED020BAD
:107BD0002DED0E8B82B0119D25F000449FEDBEDB94
:107BE0009FEDBFEB84423EDBA4F140511098A1F120
:107BF0007F6108430FD0BC48844202DC28D1109832
:107C000030B39DED100B02B0BDEC0E8B02B0BDE8A1
:107C1000704002F065B89DED100B53EC1D2B51EC3C
:107C2000100BF8F73DFC9DED100B41EC180B53ECDD
:107C30001E2B51EC100BF8F733FC53EC182BF8F714
:107C400088FB41EC100B02B0BDEC0E8B02B070BD96
:107C5000012002F057F902B0BDEC0E8B02B0BDE876
:107C6000704002F051B8A1489FEDA18B844256DAD2
:107C70009DED100BB4F1795F0ADA51EC100BFFF7B0
:107C80001FFD042808BF02F05FF89DED100BDAE736
:107C900053EC102B51EC100BF8F702FC41EC190BD4
:107CA00095480621B0EE490AF0EE690A784401F0E1
:107CB000EBFE53EC192B51EC100BF8F7F1FB41ECF8
:107CC0001A0B8E48B0EE490AF0EE690A0421784496
:107CD00001F0DAFE53EC192B51EC100BF8F7E0FB36
:107CE00053EC182BF8F735FB41EC100B51EC1A0B49
:107CF00053EC102BF8F746FCCDE900019DED000B8D
:107D000053EC102B9DED100B51EC100BF8F7C8FB4A
:107D10009DED101B53EC112BF8F71BFBD2E09DEDF2
:107D2000100B51EC100B02F0B5F953EC182BF8F7CF
:107D3000B4FB9FED730BCDE9000153EC102B9DEDCF
:107D4000000B51EC100BF8F7ABFB41EC190B6E4834
:107D50000621B0EE490AF0EE690A784401F094FE7B
:107D600053EC192B51EC100BF8F79AFB41EC1B0B61
:107D70006648B0EE490AF0EE690A0421784401F041
:107D800083FE53EC192B51EC100BF8F789FB53ECE5
:107D9000182BF8F7DEFA41EC1C0B51EC190B03F031
:107DA0000BFE41EC180B5A489FED5BABA04222DC66
:107DB00053EC1C2B51EC1B0BF8F7E4FBCDE9000155
:107DC0009DED000B51EC180B53EC102BF8F768FBF2
:107DD00053EC182BF8F7BDFA53EC1A2BF8F760FBAD
:107DE00053EC1D2BF8F756FB53EC1E2BF8F755FB05
:107DF00041EC100B5FE08DED008B002000909DEDBD
:107E0000000B51EC180B53EC102BF8F7A2FA9DED78
:107E1000000B41EC1E0B53EC102B51EC100BF8F740
:107E20003FFB53EC192BF8F738FB53EC1E2BF8F7FC
:107E3000A9FB41EC190B53EC1C2B51EC1B0BF8F775
:107E4000A1FB41EC1B0B53EC1A2B51EC190BF8F76F
:107E500027FB53EC1D2BF8F720FB41EC190B53ECDF
:107E60001A2B51EC180BF8F71BFB53EC1B2BF8F7F4
:107E700017FB53EC192BF8F70DFB9DED000B41ECB4
:107E8000180B53EC1A2B51EC100BF8F709FB9FED74
:107E9000249B53EC192BF8F700FB41EC100B51EC31
:107EA000180B53EC102BF8F7F5FA53EC192BF8F7E5
:107EB000F4FA41EC100B002D3FF7C5AE51EC100B5E
:107EC00081F0004141EC100BBDE600000000000015
:107ED0000000F03F00000000075C143326A6913C30
:107EE000182D4454FB21F93F0000F07F0000E03FD3
:107EF000000000000000F03FE8560000F6560000C9
:107F0000000000000000E03F3A5600004856000024
:107F10003333EF3F0000000000000000000000408D
:107F2000182D4454FB21E93F10B54FF00E402DEDC4
:107F3000028BB0EE408A18EE104A00EB4400B0F11C
:107F4000506F4AD84FF0FC40B0EB440F22D2B0EE55
:107F5000C80AF7EE000A30EEC00AF6EE000A60EE3C
:107F6000208A18EE900A03F05EFD01EE100A14F06C
:107F7000004F1DBFDFED2D0A9FED2D0AB1EE411A16
:107F8000DFED2C0A08BF9FED2C0AF8EE001A21EE57
:107F9000218A05E0DFED290A68EE088AB0EE600A62
:107FA0009FED271ADFED271A30EE080A48EE811AF6
:107FB0009FED251A08EEA11ADFED241A48EE811A6A
:107FC0009FED231A08EEA11A68EE281ABDEC028B69
:107FD00001EE810A30EE200A10BD4FF0E440B0EB14
:107FE000440F0CD918EE100AFFF782FB042808BFD3
:107FF00001F0C6FEB0EE480ABDEC028B10BD4FF09A
:108000007F40B0EB440F07D2B0EE480ABDEC028BC4
:10801000BDE8104001F0A8BE012001F073FFBDECE7
:10802000028BBDE8104001F0A3BE00000000C9BFF4
:1080300022AAFDB90000C93F22AAFD3900000000B4
:1080400024FE1C3DC78AD83C1E67383D1B93993DD2
:10805000AFAA2A3E0000000070B59B482DED020B30
:108060002DED068B079D25F00044A04218DC9748B3
:10807000844202DC0AD1069840B19DED060BBDECAE
:10808000068B02B0BDE8704001F02ABE002DCCBFC7
:108090009FED8F0B9FED900BBDEC068B02B070BD7A
:1080A0008F48A04215DD8F48A042D8BF4FF0FF3463
:1080B00058DD9DED060B51EC100BFFF701FB04287A
:1080C00008BF01F041FE9DED060BBDEC068B02B032
:1080D00070BD9DED060B51EC100B01F0DBFFCDE9FF
:1080E000060181489FED828BA0423CDD8248A04280
:1080F0001FDD00249FED82AB9DED060B53EC1A2B88
:1081000051EC100BF8F725F99DED060B41EC190B1E
:1081100053EC1A2B51EC100BF8F7C2F953EC182B57
:10812000F8F7B8F953EC192BF8F72CFACDE906015A
:1081300049E09DED060B012453EC182B51EC100B7C
:10814000F8F707F99DED060B41EC190B53EC182BD2
:1081500051EC100BF8F79EF953EC192BF8F712FAC3
:10816000CDE906012FE06848A0421FDD02249FED03
:10817000689B9DED060B53EC192B51EC100BF8F797
:108180008FF953EC182BF8F7E4F89DED060B41EC52
:10819000180B53EC192B51EC100BF8F77BF953EC3F
:1081A000182BF8F7EFF9CDE906010CE09DED060B71
:1081B000032453EC102B9FED580B51EC100BF8F7E8
:1081C000E1F9CDE906019DED060B53EC102B51ECC6
:1081D000100BF8F765F941EC180B53EC182BF8F776
:1081E0005FF941EC190B4E480621B0EE490AF0EE5A
:1081F000690A784401F048FC53EC182B51EC100B41
:10820000F8F74EF941EC180B4648B0EE490AF0EE8B
:10821000690A0521784401F037FC53EC192B51EC25
:10822000100BF8F73DF941EC100B51EC180B53EC27
:10823000102B002C0EDAF8F78CF89DED061B53EC92
:10824000112BF8F72DF99DED061B53EC112BF8F7C8
:1082500024F935E0F8F77DF89DED061B53EC112B62
:10826000F8F71EF941EC100B2F48784400EBC400DE
:1082700090ED001B51EC100B53EC112BF8F70AF9A1
:108280009DED061B53EC112BF8F704F941EC100B94
:108290002648784400EBC40090ED001B51EC100B15
:1082A00053EC112BF8F7F9F841EC100B002DA2BF9D
:1082B000BDEC068B02B070BD51EC100B81F000419B
:1082C00041EC100B01E70000000010440000F07FBB
:1082D000182D4454FB21F93F182D4454FB21F9BFBC
:1082E0000000DC3F0000203E0000F33F00000000E3
:1082F000000000000000F03F0000E63F000000002A
:10830000000000000000004000800340000000006A
:10831000000000000000F83F000000000000F0BF77
:108320005A520000105200009A51000052510000B1
:1083300010B52F499FED2C1B2DED020B84B0059835
:1083400020F000408842D8BF9DED040B2DDD294967
:10835000884209D1049840B94FF0010001F0D2FDE4
:1083600001F0D2FC06B010BD05DB9DED040B01F061
:10837000B7FC06B010BD68469DED040B01F0B0F8E7
:1083800010F0030004BF9DED021B9DED000B0CD00F
:1083900001280ED09DED021B9DED000B022817D089
:1083A000012001F0EDFB06B010BD01F0B5FA06B0FA
:1083B00010BD9DED021B9DED000B012001F0E0FBC7
:1083C00051EC100B81F0004106B041EC100B10BDD8
:1083D00001F0A2FA51EC100B81F0004106B041EC23
:1083E000100B10BD000000000000000000000000A5
:1083F000FB21E93F0000F07F10EE101A08B5444A57
:108400006846B2EB410F28D94FF0E640B0EB410F80
:1084100094BF00204FF0FF3000900098002861DBEF
:1084200060EE000A10F0010F45D010F0020FDFEDF2
:10843000391A9FED391A00EEE11ADFED381A40EED5
:10844000811A21EEA01AF0EE400A40EE010A08BFA0
:10845000F1EE600AB0EE600A08BD314B21F0004237
:1084600093423CD911F0004FDFED2E0A20EE201A86
:10847000DFED2D0A19BF31EE601A71EE200A31EEE0
:10848000201A71EE600ABDEEE01A11EE100A9FED9F
:10849000271A00F0030000EEC10A9FED251A009094
:1084A00000EEC10A9FED231A00EEC10A9FED221AC9
:1084B00000EEC10AB1E79FED211A9FED210A10F0ED
:1084C000020F00EE810A9FED1F1A00EE801AB7EE30
:1084D000000A00EE810A18BFB1EE400A08BD01F0A3
:1084E00057FC9AE710EE100A4000B0F17F4F3CBFF6
:1084F000B7EE000A08BD07D14FF0010001F002FD00
:10850000BDE8084001F034BCBDE8084001F02CBCD7
:10851000B61F927E336D4C39DA82083CA0AA2ABE7F
:10852000490E494683F9223F0000004B0000C93F35
:1085300000A0FD390020A2331A61342CB93AB2BA36
:10854000CA9F2A3DDDFFFFBE10B52DED028BF0EE78
:10855000408A18EE900AB0EE608A20F00040C0F128
:10856000FF40C00F07D118EE100A20F00040C0F104
:10857000FF40C00F2BD018EE101A18EE900AF8F733
:108580005DF900EE100A10EE100A6FEAD05010F0FC
:10859000FF0F04BFBDEC028B10BD18EE900A00F077
:1085A000004110EE100A00F00040814204BFBDEC13
:1085B000028B10BD18EE101A10EE100ABDEC028BE3
:1085C00061F31E0000EE900A30EE600A10BD18EE56
:1085D000900A4FF07F41B1EB400F1CBF18EE100A1C
:1085E0005FEA4000C7D1012001F08CFCBDEC028B9A
:1085F000BDE8104001F0BCBB2DE9F04D2DED040BA2
:108600002DED0E8B96B0DDE92550279CDDF890A06E
:1086100025F0004624F00048BAF1000F14BF0121F4
:10862000002101EB4502FC4953184A1093422AD31A
:10863000002814BF0123002303EB44030B44F74934
:108640008B4220D358EA00019FEDF59B76D0DFF8EE
:10865000D8B35D4503D1BAF1000F05D188E0BAF176
:10866000000F08BF002100D0012101EB450111F5E9
:10867000001F08D8002814BF0121002101EB44018C
:1086800011F5001F0BD99DED261B9DED240B16B097
:10869000BDEC0E8B04B0BDE8F04D01F02BBB002704
:1086A000002DBCBFE149884521DAE1498845A8BFD2
:1086B00002271CDAC3451ADCDE4901EB28511429D4
:1086C00008DDC1F1340220FA02F101FA02F282421D
:1086D0000DD108E058B9C1F1140228FA02F101FAEB
:1086E00002F2424503D101F00101C1F1020756EA4D
:1086F0000A0124D1002C22DA002D18BF022F01D04C
:10870000012F0AD0022001F0FDFB16B0BDEC0E8B4C
:1087100004B0BDE8F04D01F0CBBA022001F0F2FB4D
:1087200001F0C6FA51EC100B81F0004141EC100B46
:1087300016B0BDEC0E8B04B0BDE8F08D18E09FEDD7
:10874000BEAB9FEDBF8B002871D1B848804522D1C8
:1087500005F1804010F5801008BFBAF1000F07D076
:10876000B3450ADC002CA8BF9DED260BE0DA0DE036
:10877000B0EE490AF0EE690ADAE7002C06DA9DED60
:10878000260B51EC100B81F000416FE0AE487844AD
:1087900090ED000BCCE7D8454DD1002C48DA2EB136
:1087A00086423AD1BAF1000F42D126E0BAF1000F69
:1087B00013D0022001F0A6FB01F0B6FA8DED020BFA
:1087C0009DED240B8DED000B10EE900A039961F3E3
:1087D0001E0003909DED020BAAE78DED02AB9DED0F
:1087E000240B1AEE901A10EE900A8DED000B61F337
:1087F0001E0003909DED020B9AE78DED028B9DED1F
:10880000240B18EE901A10EE900A8DED000B61F318
:108810001E0003909DED020B8AE709DA9DED240B03
:1088200051EC190B53EC102BF7F7ACFE1EE020E0D7
:108830009DED240B7CE786421BDAB4F1804F0DD00E
:10884000A4F10050B0F1FF5013D1002D11DB9DEDCC
:10885000240B51EC100B03F0AFF807E09DED240B57
:1088600053EC102B51EC100B00F0C2BC41EC100B80
:108870005EE79DED240B51EC100B01F00BFCBAF1FF
:10888000000FCDE90E0142D19FED710B46B3A6F169
:10889000E040B0F17F600CD05E4538D1002D00DAA9
:1088A000A7B3022F0CBF01204FF0FF30F7F7D9FE1E
:1088B000DCE7002D01DD002C0DDA002D01DD002CA0
:1088C0001FDB002D16DA002C14DB012F08BF9FEDF3
:1088D000620B3FF42DAFB0EE4A0AF0EE6A0A27E7CA
:1088E000022F18BF002D0CD0012F0AD1002DFFF64A
:1088F0001FAF06E0002DB8BF002C08DA012F3FF4AF
:1089000017AFB0EE480AF0EE680A11E71BE001204D
:1089100000EBE57050EA070115D0791EB0EE498AE8
:10892000F0EE698A084308BF9FED4D8B4E48002545
:10893000804570DD4D494E48884514DDB0420DDB61
:10894000002C19DB2FE0012001F0DCFA16B0BDECA1
:108950000E8B04B0BDE8F04D01F0D6B9B34502DC92
:10896000002C09DC1FE0864202DA002C1BDA03E04F
:108970005E452BDD002C16DD022001F0C3FA01F06C
:10898000D3F98DED020B53EC1A2B51EC180BF7F7C2
:1089900087FDCDE900010399019861F31E00039062
:1089A0009DED020BC4E6022001F0ACFA01F0CCF917
:1089B00010EE901A18EE900A8DED020B8DED008BE3
:1089C00061F31E0003909DED020BB1E69DED0E0BD1
:1089D00053EC192B51EC100BF7F75CFD9FED260BB8
:1089E000CDE9080153EC102B9DED080B51EC100B59
:1089F000F7F756FD9FED221B53EC112BF7F74DFDBA
:108A00009DED081B53EC112BF7F74AFD9FED1E1B44
:108A100053EC112B3CE08CE0FFFF1F00FFFF0F0029
:108A2000000000000000F03F0000F03F0000F07F79
:108A30000000404301FCFFFF000000000000F07F49
:108A40000000000000000000A64D00000000000033
:108A50000000000000000080000000000000F0FFA7
:108A6000000000000000F0BF0000E0410000F04303
:108A7000FFFFEF3F00000000000000000000D03FBB
:108A8000555555555555D53F000000000000E03FB5
:108A9000F7F703FD9DED080B41EC1A0B53EC102B7F
:108AA00051EC100BF7F7FCFC53EC1A2BF7F7F8FC22
:108AB00041EC1A0B9FEDFE0B53EC102B9DED080BB8
:108AC00051EC100BF7F7ECFC41EC1B0B9FEDFA0B94
:108AD00051EC1A0B53EC102BF7F7E2FC41EC1A0B9C
:108AE0009FEDF70B53EC102B9DED080B51EC100B89
:108AF000F7F7D6FC53EC1A2BF7F7CCFC41EC1A0B2A
:108B000051EC1B0B53EC1A2BF7F723FC0690CDE925
:108B100006519DED060B53EC1B2B51EC100BF7F798
:108B2000B9FC53EC1A2BF7F7B8FC41EC100B00F032
:108B3000A1B90020B6F5801F0EDA9FEDE30B53ECD0
:108B4000102B9DED0E0B51EC100BF7F7A9FCCDE9A6
:108B50000E016FF034000E4600EB2650A0F2FF37F6
:108B6000C6F31300DA4940F07F6646F0405688426B
:108B7000D8BF002408DDD7498142C8BF012403DCE7
:108B80000024A6F580167F1CD348784400EBC4006F
:108B90000F9690ED00CB9DED0E0B53EC1C2B51EC82
:108BA000100BF7F777FC9DED0E0B41EC1B0B53EC14
:108BB0001C2B51EC100BF7F7CCFB41EC100B51ECDC
:108BC000190B53EC102BF7F7DDFC41EC1D0B51ECAE
:108BD0001B0B53EC1D2BF7F763FC41EC1A0BBF4842
:108BE0008DED10AB7844109590ED000B4FF00050D8
:108BF00040EA660000EB84408DED080B00F5002094
:108C000009909DED080B53EC1C2B51EC100BF7F762
:108C100041FC9DED0E1B53EC112BF7F73EFC41EC94
:108C2000100B53EC102B9DED100B51EC100BF7F7C4
:108C300037FC9DED080B41EC1C0B53EC102B9DED0C
:108C4000100B51EC100BF7F72BFC53EC1B2BF7F729
:108C500024FC53EC1C2BF7F71DFC53EC1D2BF7F7F2
:108C60001FFC41EC1C0B53EC1A2B51EC1A0BF7F7C1
:108C700017FC41EC1B0B9A480621B0EE4B0AF0EEB4
:108C80006B0A784400F000FFB0EE401AF0EE601A74
:108C9000B0EE41DAF0EE61DA53EC1B2B51EC1B0B1A
:108CA000F7F7FEFB53EC1D2BF7F7FAFB9DED100BCE
:108CB00041EC1B0B53EC1A2B51EC100BF7F749FB53
:108CC00053EC1C2BF7F7ECFB53EC1B2BF7F741FB9A
:108CD0009DED100B41EC1B0B53EC102B51EC100BCA
:108CE000F7F7DEFB41EC1D0B9FED7FEB53EC1E2BEA
:108CF000F7F72FFB53EC1B2BF7F72BFB0890CDE975
:108D000008519DED080B53EC1E2B51EC100BF7F79F
:108D1000C1FB53EC1D2BF7F7BDFB53EC1B2BF7F7F7
:108D2000BCFB9DED080B41EC1D0B53EC102B9DED96
:108D3000100B51EC100BF7F7B3FB41EC1B0B53EC92
:108D40001A2B51EC1D0BF7F7ABFB9DED080B41EC1B
:108D50001A0B53EC102B51EC1C0BF7F7A1FB53EC47
:108D60001A2BF7F7F6FA41EC1A0B51EC1B0B53ECEC
:108D70001A2BF7F7EEFA0C90CDE90C519DED0C0B88
:108D800053EC1B2B51EC100BF7F784FB53EC1A2B15
:108D9000F7F783FB41EC1B0B9FED550B53EC102BAE
:108DA0009DED0C0B51EC100BF7F77AFB41EC1A0B15
:108DB0009FED510B51EC1B0B53EC102BF7F770FB95
:108DC00041EC1B0B9FED4E0B53EC102B9DED0C0B50
:108DD00051EC100BF7F764FB53EC1B2BF7F7B9FAC8
:108DE00041EC100B4848784400EBC40090ED001BA8
:108DF00051EC100B53EC112BF7F7ABFA41EC1B0BBA
:108E00003846F7F72EFCCDE9080153EC1B2B51EC4B
:108E10001A0BF7F79EFA41EC100B3C48784400EB34
:108E2000C40090ED00CB51EC100B53EC1C2BF7F76A
:108E300090FA9DED081B53EC112BF7F78AFA069078
:108E4000CDE906519DED080B53EC102B9DED060B63
:108E500051EC100BF7F71EFB53EC1C2BF7F71AFB2A
:108E600053EC1A2BF7F716FB53EC1B2BF7F715FBFC
:108E700041EC100B9DED261B53EC102B8DED001BD0
:108E800000959DED260B51EC100BF7F709FB9DEDBE
:108E9000000B41EC1A0B53EC102B9DED260B51EC03
:108EA000100BF7F7F7FA9DED061B53EC112B2FE093
:108EB000000000604715F73FFE822B654715F73F1E
:108EC00044DF5DF80BAE543E00000000000040435C
:108ED0008E9803007AB60B00F2480000504900005B
:108EE0002A480000000000000000000000000840C8
:108EF000000000E009C7EE3FFD033ADC09C7EE3F82
:108F0000F5015B14E02F3EBEB6460000704600003F
:108F1000F7F7C6FA53EC1A2BF7F71BFA9DED060B81
:108F200041EC1A0B53EC102B9DED000B51EC100B88
:108F3000F7F7B6FACDE90C019DED0C0B51EC1A0BCD
:108F400053EC102BF7F705FACDE902010C46AA49BC
:108F50008C422FDB611A084318D19DED0C0B53ECAA
:108F6000102B9DED020B51EC100BF7F793FA41EC2F
:108F70001B0B9FEDA30B51EC1A0B53EC102BF7F7C7
:108F8000E8F953EC1B2BF7F7BDFB2DD2022000F0C4
:108F9000B9FF00F0C9FE10EE901A18EE900A8DEDA0
:108FA000020B8DED008B61F31E0003909DED020B13
:108FB000FFF7BEBB944A24F00041914214D3934979
:108FC000214408437FF4EFAC9DED0C0B53EC102BC8
:108FD0009DED020B51EC100BF7F75CFA53EC1A2BDA
:108FE000F7F790FB7FF6DFAC24F000408849894A10
:108FF000002601EB205182422BDA481C4FF48011ED
:1090000021FA00F02044844AC0F30A517A44A1F2C4
:10901000FF3192ED000B814A8DED080BCA4020EA2A
:109020000202C0F3130040F48010C1F1140120FAD1
:1090300001F60992002CB8BF76429DED080B53EC67
:10904000102B9DED0C0B51EC100BF7F723FACDE92B
:109050000C019DED0C0B51EC1A0B53EC102BF7F798
:1090600078F99FED6F0B0890CDE9085153EC102B68
:109070009DED080B51EC100BF7F712FA41EC1B0BAE
:109080009FED690B53EC102B9DED080B51EC100B71
:10909000F7F706FA9DED0C0B41EC1C0B53EC102B73
:1090A0009DED080B51EC100BF7F7F4F953EC1A2B6C
:1090B000F7F7F3F99FED5E1B53EC112BF7F7F0F97F
:1090C00053EC1C2BF7F745F941EC1A0B51EC1B0B39
:1090D00053EC1A2BF7F73DF9CDE902019DED020B98
:1090E00053EC1B2B51EC100BF7F7D4F953EC1A2B64
:1090F000F7F7D3F99DED020B41EC1A0B53EC102B53
:1091000051EC100BF7F7CCF9CDE908014A489DED79
:10911000080B0521784400F0B7FC9DED081B51ECCD
:10912000100B53EC112BF7F7BBF99DED021B53EC21
:10913000112BF7F7B2F9CDE906019DED020B53ECC7
:109140001A2B51EC100BF7F7ABF953EC1A2BF7F77E
:1091500000F99FED3B0B41EC1A0B53EC102B9DEDEE
:10916000060B51EC100BF7F795F99DED060B41EC52
:109170001B0B53EC102B9DED020B51EC100BF7F772
:109180008FF953EC1B2BF7F7FDF953EC1A2BF7F77C
:1091900081F99DED021B53EC112BF7F77BF953EC92
:1091A000192BF7F77AF9CDE9020101EB0650011509
:1091B0000029C8BF039015DC9DED020B324651EC2F
:1091C000100BF7F7C1FBFEF77BFA042808BF00F08D
:1091D000BBFD32469DED020B51EC100BF7F7B4FBD3
:1091E000CDE902019DED020B51EC180B53EC102B55
:1091F000F7F756F9FFF73ABB000090400000000077
:10920000FE822B654715973C00CC904000346F3FA1
:1092100001FCFFFF0000E03F28450000FFFF0F00BA
:1092200000000000432EE63F396CA80C615C20BEB4
:10923000EF39FAFE422EE63FC8430000000000006E
:10924000000000000000004010B52F499FED2C1BCE
:109250002DED020B84B0059820F000408842DCBF61
:1092600000209DED040B32DD2849884209D1049885
:1092700040B94FF0010000F045FE00F045FD06B09A
:1092800010BD05DB9DED040B00F02AFD06B010BDFE
:1092900068469DED040B00F023F910F0030011D097
:1092A000012818D09DED021B9DED000B02281AD05D
:1092B00000F032FB51EC100B81F0004106B041ECA4
:1092C000100B10BD9DED021B9DED000B012000F069
:1092D00057FC06B010BD9DED021B9DED000B00F08C
:1092E0001BFB06B010BD012000F04AFC51EC100B36
:1092F00081F0004106B041EC100B10BD00000000F1
:109300000000000000000000FB21E93F0000F07FAA
:1093100000B510EE101A2DED028B81B0524A68464E
:10932000B2EB410F2ED94FF0E640B0EB410F94BFA6
:1093300000204FF0FF3000900098B0EE408A0028E7
:109340006ADB10F0010F4BD068EE080A9FED471A58
:109350009FED470A00EE810A9FED461A10F0020FBA
:1093600000EE801AB7EE000A00EE810A02BF01B0DB
:10937000BDEC028B00BD00BF01B0B1EE400ABDECF8
:10938000028B00BD3C4B21F00042934241D911F0C9
:10939000004FDFED3A0A20EE201ADFED390A19BF3F
:1093A00031EE601A71EE200A31EE201A71EE600A79
:1093B000BDEEE01A11EE100A9FED321A00F0030024
:1093C00000EEC10A9FED301A009000EEC10A9FED39
:1093D0002F1A00EEC10A9FED2E1A00EEC10AABE76C
:1093E00028EE080A9FED2B1ADFED2B0A10F0020F72
:1093F00040EE410A9FED291A00EE201A61EE000AA4
:10940000B0EE480A08EE200AB6D101B0BDEC028BDE
:1094100000BD00F0BDFC8FE718EE100A4000B0F16F
:109420007F4F0DD218EE100AFEF762F9042808BF2C
:1094300000F0A6FCB0EE480A01B0BDEC028B00BD06
:1094400009D1012000F05EFD01B0BDEC028B5DF89A
:1094500004EB00F08DBC01B0B0EE480ABDEC028B0D
:109460005DF804EB00F080BCB61F927EB93AB2BA48
:10947000CA9F2A3DDDFFFFBE490E494683F9223FC0
:109480000000004B0000C93F00A0FD390020A233BE
:109490001A61342C336D4C39DA82083CA0AA2ABEFA
:1094A00010B52DED028BB1EEC08A18EE100A20F037
:1094B0000040C0F1FF40C00F0AD010EE100A20F0AB
:1094C0000040C0F1FF40C00F04BF012000F01AFDB2
:1094D000B0EE480ABDEC028B10BD00000000000099
:1094E0002DE9F14F04462DED020B2DED088B8AB0CE
:1094F0009FEDE70B80ED020B139EE74826F0004539
:1095000085420ADC9DED120B002084ED000B0AB0B1
:10951000BDEC088B03B0BDE8F08FE0489FEDE0ABF9
:109520009FEDE1BBA84247DDE14F9FEDE39B9FED3F
:10953000E48B9DED120B53EC1A2B51EC100B002E0B
:109540001CDDF6F7A7FF41EC100BBD4208D053EC31
:109550001B2B51EC100BF6F79DFFC4E900010BE04B
:1095600053EC192B51EC100BF6F794FF53EC182B1E
:10957000F6F790FFC4E900010120C8E7F6F7E9FE1D
:1095800041EC100BBD4208D053EC1B2B51EC100BDF
:10959000F6F7DFFEC4E900010BE053EC192B51ECA8
:1095A000100BF6F7D6FE53EC182BF6F7D2FEC4E9F3
:1095B00000014FF0FF30AAE7C348A84279DB9DEDD8
:1095C000120B51EC100B00F065FD41EC180B9FEDF8
:1095D000C00B53EC102BF6F763FF9FEDBF1B53EC52
:1095E000112BF6F7B6FEF7F75AF80746F7F739F8F2
:1095F00041EC190B53EC1A2BF6F752FF53EC182BD6
:10960000F6F74BFF41EC180B53EC1B2B51EC190BED
:10961000F6F746FFDFF8C8A241EC100B4FEA1558E9
:109620000125FA4453EC102B51EC180BF6F732FFDE
:10963000032DC4E900013DD0C1F30A5005EB4511EB
:10964000A8EB00001139814234DA0AEB051BB0EEB9
:1096500048AA9BED000BF0EE68AA53EC102B51ECDE
:10966000190BF6F71DFF41EC1B0B51EC1A0B53ECD9
:109670001B2BF6F70FFF41EC180B51EC1A0B53ECB8
:10968000182BF6F707FF53EC1B2BF6F703FF9BEDA8
:10969000020B41EC1A0B53EC102B51EC190BF6F7A3
:1096A000FFFE53EC1A2BF6F7F5FE41EC100B6D1C88
:1096B000B8E70EE0002EA8BF3846BFF628AF94EDFD
:1096C000000B51EC100B81F00041C4E9000178421D
:1096D0001DE7C6F3130040F4801EC6F30A50A0F243
:1096E000F530471100F01F05C5F12000DDF848B046
:1096F00008900020069007900520EC467949002D3F
:1097000007EB0002794408BF51F8221009D051F844
:10971000223001EB8201AB404A68089922FA01F13C
:109720001943A1FB0E26A1FB0B131A449A4234BF26
:109730000123002303EB06080CEB8003D3E901A609
:109740000E448E4234BF0121002192448A4411B15B
:10975000924502D903E0924501D2012100E00021A7
:10976000C3E901A641444CF82010011EA0F10100FC
:10977000C4DC029800F10050850F0298DDE9036710
:109780008000DDF81480F6F76CFF41EC1A0B3046D0
:10979000F6F778FF9FED541B53EC112BF6F780FE84
:1097A00041EC1B0B3846F6F76DFF9FED511B53EC58
:1097B000112BF6F775FE41EC180B4046F6F762FFE9
:1097C0009FED4D1B53EC112BF6F76AFE41EC190B84
:1097D00051EC180B53EC192BF6F7BBFD53EC1B2B7C
:1097E000F6F7B7FD53EC1A2BF6F7B3FDCDE90801F8
:1097F000002008909DED080B53EC1A2B51EC100B38
:10980000F6F748FE53EC1B2BF6F744FE53EC182BEF
:10981000F6F740FE53EC192BF6F73FFE9FED381B91
:1098200053EC112BF6F73CFE9FED370B41EC180B78
:1098300053EC102B9DED080B51EC100BF6F730FE9E
:1098400053EC182BF6F785FD9FED310B41EC180B0F
:1098500053EC102B9DED080B51EC100BF6F720FE8E
:1098600053EC182BF6F775FD41EC100B139810F024
:10987000004F06D06D4251EC100B81F0004141ECDD
:10988000100B284684ED000B41E6000000000000AC
:109890000000000000000000FB21E93F7CD90240ED
:1098A00000004054FB21F93F3163621A61B4D03D9E
:1098B000FB21F93F000000000000601A61B4D03DB8
:1098C0007370032E8A19A33BFB213941000000006D
:1098D00083C8C96D305FE43F000000000000E03F36
:1098E0001A3F0000683E0000000000000000103E2B
:1098F000000000000000103C000000000000103AD2
:10990000182D4454FB21F93D3326A611460B113C7A
:1099100000000054FB21F93D10B52DED040B2DED99
:10992000088B82B0B0EE419AF0EE619A0B9820F06D
:1099300000449FED4BABB4F1795F11DA9DED0A0B5A
:1099400051EC100BF6F7ABFE002801BFB0EE4A0A4F
:10995000F0EE6A0A02B0BDEC088B04BF04B010BD83
:109960009DED0A0B53EC102B51EC100BF6F798FD04
:1099700041EC180B3C480621B0EE480AF0EE680AAC
:10998000784400F081F853EC182B51EC100BF6F7EB
:1099900087FD9DED0A0B41EC1B0B53EC192B51EC91
:1099A000100BF6F77DFD41EC190B53EC1B2B51EC22
:1099B000180BF6F775FD53EC192BF6F76BFD9FEDC1
:1099C0002C0B41EC190B53EC102B51EC180BF6F748
:1099D00067FD41EC100B2848844210DA53EC192B38
:1099E00051EC100BF6F756FD53EC1A2BF6F755FD1C
:1099F00041EC100B02B0BDEC088B04B010BD1F4849
:109A0000A042BCBF9FED1E1B8DED001B06DBA4F525
:109A100000100190002000909DED001B51EC100BF8
:109A200053EC112BF6F736FD9DED000B41EC180BB6
:109A300053EC102B51EC1A0BF6F72CFD41EC1A0BE2
:109A400053EC192B51EC180BF6F724FD53EC1A2BA1
:109A5000F6F723FD41EC100BCCE7000000000000FE
:109A6000000000000000F03F843B00000000000008
:109A7000000000000000E03F3333D33F0000E93F27
:109A8000000000000000D23F70B504462DED028BAF
:109A90004D1E00EBC500B0EE408AF0EE608A90EDFE
:109AA000000B35F0060017D053EC182B51EC100BBF
:109AB000F6F7F6FC41EC100B6D1E04EBC50090EDC3
:109AC000001B51EC100B53EC112BF6F742FC41EC50
:109AD000100B35F00600E7D1022D36D0042D1CD036
:109AE000062D1CBFBDEC028B70BD53EC182B51EC46
:109AF000100BF6F7D5FC94ED0A1B53EC112BF6F77F
:109B000028FC53EC182BF6F7CBFC94ED081B53EC18
:109B1000112BF6F71EFC41EC100B53EC182B51ECFB
:109B2000100BF6F7BDFC94ED061B53EC112BF6F76A
:109B300010FC53EC182BF6F7B3FC94ED040B53EC2C
:109B4000102BF6F706FC41EC100B53EC182B51ECE4
:109B5000100BF6F7A5FC94ED021B53EC112BF6F756
:109B6000F8FB53EC182BF6F79BFC94ED001B53EC21
:109B7000112BF6F7EEFBBDEC028B41EC100B70BD28
:109B800031B504462DED040B2DED0A8BB0EE41BA34
:109B9000F0EE61BA0B989DED0A0B20F00040B0F199
:109BA000795F0DDA51EC100BFDF78AFD042808BF30
:109BB00000F0CAF89DED0A0BBDEC0A8B05B030BD74
:109BC00053EC102B51EC100BF6F76AFC41EC180B20
:109BD0009DED0A0B53EC182B51EC100BF6F760FCC3
:109BE00041EC190B2C48B0EE480AF0EE680A05214A
:109BF0007844FFF749FF9FED2ACBB0EE40AAF0EE84
:109C000060AA9CB353EC1C2B51EC190BF6F748FCE3
:109C100041EC1C0B53EC1A2B51EC190BF6F740FCE2
:109C20009FED210B41EC190B53EC102B51EC1B0B4E
:109C3000F6F736FC53EC192BF6F72CFC53EC182BEB
:109C4000F6F72EFC53EC1B2BF6F724FC53EC1C2BE5
:109C5000F6F720FC9DED0A1B53EC112BF6F71DFCCB
:109C6000BDEC0A8B05B041EC100B30BDFFE753ECA7
:109C70001A2B51EC180BF6F713FC53EC1C2BF6F7D0
:109C800068FB53EC192BF6F70BFC9DED0A1B53EC0C
:109C9000112BF6F75EFBE3E7343A0000000000000A
:109CA000495555555555C5BF000000000000E03F1F
:109CB0009FED070B10B553EC102B9FED070B51ECEC
:109CC000100BF6F75FFC41EC100B10BD000000001C
:109CD0000000000000000000000000000000F03F55
:109CE00010B553EC102B51EC100BF6F732FB41EC96
:109CF000100B10BD10B553EC112B51EC100BF6F7F7
:109D000028FB41EC100B10BD9FED050B10B553EC7B
:109D1000102B51EC100BF6F735FC41EC100B10BD7D
:109D200000000000000000009FED050B10B553EC93
:109D3000102B51EC100BF6F7B3FB41EC100B10BDE0
:109D400000000000000000709FED050B10B553EC03
:109D5000102B51EC100BF6F7A3FB41EC100B10BDD0
:109D6000000000000000001030EE000A7047000004
:109D7000DFED020A80EEA00A70470000000000003C
:109D80009FED020A20EE000A70470000000000105C
:109D90002DE9F0014FF07F42B2EB410F9FBF4FF032
:109DA000FF310160BDE8F00170474FF0004242EA28
:109DB0000123C1F3C752783A551112F01F0C434CDE
:109DC000CCF120067C44C1F3C752A2F178024FEADD
:109DD000621204EB820254F8254008BFD2E9015612
:109DE00012D0556804FA0CF425FA06F73C4397683C
:109DF00005FA0CF527FA06F8D26807FA0CFCF240CF
:109E000045EA08054CEA0206A4FB034CA5FB0352F5
:109E1000A6FB03631D449D4234BF0126002613198F
:109E2000334416B1934202D903E0934201D2012296
:109E300000E00022624402F1200C9206DC0C42EAAF
:109E4000443200EE102A5B03DFED210AF8EEC01A5F
:109E500000EE103A4FEA9C1C11F0004FB8EE400A99
:109E6000C0F800C020EE201A00EE105ADFED190AEB
:109E7000B8EE400A20EE200A71EE810A70EE800AE8
:109E800010EE902A02F500626FF30B0200EE902AAA
:109E900070EEE11A31EEC11ADFED101A30EE411A00
:109EA0009FED0D0A20EE800A01EE210A9FED0C1AAB
:109EB00000EE810A04BFBDE8F0017047CCF180518B
:109EC0000160BDE8F001B1EE400A70474038000083
:109ED000000000360000802C22AAFD29DB0FC92FCC
:109EE0000000C92F02E008C8121F08C1002AFAD1D9
:109EF00070477047002001E001C1121F002AFBD10A
:109F0000704700000149086070470000BC0600204F
:109F100010B5044601F008FE94ED000AF0EE000AC8
:109F200020EE200ADFED160A20EE200ADFED150AEA
:109F300080EE201A144880ED001A90ED000ADFED43
:109F4000130AB4EEE00AF1EE10FA02DD9FED0F0AFB
:109F50000FE00D4890ED000ADFED0D0AB4EEE00AC7
:109F6000F1EE10FA02D29FED0A0A02E0064890EDE7
:109F7000000A054880ED000A01F000FE10BD000057
:109F8000D00F49400000B44350060020FF97C43E64
:109F9000FF97C4BE2DE9F04105460C4616462F46F4
:109FA00005E014F8011B384600F008F80746301E9B
:109FB000A6F10106F5D13846BDE8F081024682EAF5
:109FC0000100C0B2024B33F8100080EA2220704733
:109FD00084D0000810B504460E2221460020FFF769
:109FE000D9FFE189884203D000202062206A10BD99
:109FF000A07800F00F0084F82400A078C0F30210CD
:10A0000084F8250094F90B00A062207B00F0070083
:10A0100084F82C00B4F9050000EE100AF8EEC00A2E
:10A020009FED191A80EE810ADFED180A20EE200A52
:10A0300084ED0D0AB4F9030000EE100AB8EEC00A70
:10A04000DFED110A80EE201A84ED0C1AD4F8070017
:10A0500000EE100AB8EEC00ADFED0C0A20EE200A6E
:10A06000DFED0B0A80EE201A84ED0E1AA089C0F3F2
:10A07000CB0000EE100AB8EE400A84ED0F0A012072
:10A080002062206AB3E7000000008043F90FC94056
:10A090000000004782B0CDE9000121F000400190AE
:10A0A0009DED000B02B051EC100B704710B500286D
:10A0B00021D0114B0022001F196803E0814203D810
:10A0C0000A4649680029F9D152B11368841A9C42A2
:10A0D00004D1006818441060104602E0506000E0AF
:10A0E000186039B102680B1A934203D10B681A4405
:10A0F00002604968416010BDB406002001B52DED35
:10A10000020B9AB01C9840680990F6F7E7FA9FEDA9
:10A11000FE0B53EC102BCDE90A019DED0A0B51EC1F
:10A12000100BF6F7BDF9CDE90E011C9890ED010A70
:10A1300020EE000A8DED070A0798F6F7CFFA9FED9B
:10A14000F40B53EC102BCDE908019DED080B51ECFD
:10A15000100BF6F7FEF89FEDF00B53EC102BCDE94A
:10A160000A019DED0A0B51EC100BF6F793F9CDE9BE
:10A170000C019DED0E0B53EC102B9DED0C0B51ECD7
:10A18000100BF6F7FFF9CDE910019DED100BFDF76F
:10A19000E3FA8DED120B9DED120B51EC100BF6F75F
:10A1A000C9FADF4908601C9890ED000A0846D0ED16
:10A1B000000A30EE600A80ED020A00680D90F6F7A2
:10A1C0008DFACDE90E019DED0E0BFEF7B1F88DED88
:10A1D000100B9FEDD40B53EC102B9DED100B51EC9D
:10A1E000100BF6F75DF9CDE912019DED120B51EC64
:10A1F000100BF6F79FFACD490860C94800680D902A
:10A20000F6F76CFACDE90E019DED0E0BFFF71CF889
:10A210008DED100B9FEDC30B53EC102B9DED100B30
:10A2200051EC100BF6F73CF9CDE912019DED120B44
:10A2300051EC100BF6F77EFABC4948601C98006898
:10A240000B90F6F74BFACDE90C019DED0C0BFEF7E8
:10A250006FF88DED100B1C9840680D90F6F73EFAE4
:10A26000CDE90E019DED100B53EC102B9DED0E0B67
:10A2700051EC100BF6F714F9CDE912019DED120B1C
:10A2800051EC100BF6F756FAA84988601C98006844
:10A290000B90F6F723FACDE90C019DED0C0BFEF7C0
:10A2A000D3FF8DED100B1C9840680D90F6F716FA51
:10A2B000CDE90E019DED100B53EC102B9DED0E0B17
:10A2C00051EC100BF6F7ECF8CDE912019DED120BF5
:10A2D00051EC100BF6F72EFA9449C860904880684C
:10A2E0000D90F6F7FBF9CDE90E019DED0E0BFEF793
:10A2F0001FF88DED100B9FED8B0B53EC102B9DED8C
:10A30000100B51EC100BF6F7CBF8CDE912019DEDD7
:10A31000120B51EC100BF6F70DFA844908618048D6
:10A3200080680D90F6F7DAF9CDE90E019DED0E0B80
:10A33000FEF78AFF8DED100B9FED7A0B53EC102B7F
:10A340009DED100B51EC100BF6F7AAF8CDE91201B8
:10A350009DED120B51EC100BF6F7ECF973494861C7
:10A36000084690ED030AD0ED010A30EE600A8DED4B
:10A370000D0A0D98F6F7B2F9CDE90E019DED0E0B21
:10A38000FDF722FC8DED100B9FED690B53EC102BAC
:10A390009DED100B51EC100BF6F7F4F8CDE912011E
:10A3A0009DED120B51EC100BF6F7C4F95C494860B7
:10A3B0005E4890ED030AD0ED050A30EE600A8DED9F
:10A3C0000D0A0D98F6F78AF9CDE90E019DED0E0BF9
:10A3D000FDF7FAFB8DED100B9FED550B53EC102B99
:10A3E0009DED100B51EC100BF6F7CCF8CDE91201F6
:10A3F0009DED120B51EC100BF6F79CF94849C86023
:10A40000084690ED020AD0ED010A30EE600A8DEDAB
:10A410000B0A0B98F6F762F9CDE90C019DED0C0BD8
:10A42000FEF712FF8DED100B3D4890ED000AD0EDC8
:10A43000010A30EE600A8DED070A0798F6F74EF92B
:10A44000CDE908019DED080BFEF7FEFE8DED0C0B2E
:10A450001C9890ED000A3248D0ED020A30EE600AF6
:10A460008DED050A0598F6F739F9CDE906019DED60
:10A47000060BFEF7E9FE8DED080B9FED2A0B53EC62
:10A48000102B9DED080B51EC100BF6F709F8CDE9F8
:10A490000A019DED0C0B53EC102B9DED0A0B51ECBA
:10A4A000100BF5F7FDFFCDE90E019DED100B53EC00
:10A4B000102B9DED0E0B51EC100BF6F763F8CDE968
:10A4C00012019DED120B51EC100BF6F733F91590BC
:10A4D0001348D0ED020A90ED010A30EEC00A8DED6E
:10A4E0000B0A0B98F6F7FAF8CDE90C019DED0C0B71
:10A4F000FEF7AAFE8DED100B1C9840680990F6F748
:10A50000EDF8CDE90C0117E00000000000E080400C
:10A510000000000040CCF1400000000000F9D540F0
:10A52000D46100200000000000C06240E46100200F
:10A530000000000000E07040B14890ED000AD0ED4E
:10A54000010A30EE600A8DED030A0398F6F7C6F8AB
:10A55000CDE904019DED040BFEF776FE8DED080BB1
:10A560001C9890ED000AA648D0ED020A30EE600A71
:10A570008DED010A0198F6F7B1F8CDE902019DEDE4
:10A58000020BFEF761FE8DED040B1FED1A0B53EC71
:10A59000102B9DED040B51EC100BF5F781FFCDE96D
:10A5A00006019DED080B53EC102B9DED060B51ECB5
:10A5B000100BF5F775FFCDE90A019DED0C0B53EC7F
:10A5C000102B9DED0A0B51EC100BF5F7DBFFCDE9DD
:10A5D0000E019DED100B53EC102B9DED0E0B51EC6D
:10A5E000100BF5F75DFFCDE912019DED120B51EC5B
:10A5F000100BF6F79FF81690814890ED020AD0ED07
:10A60000010A30EE600A8DED0B0A0B98F6F766F83A
:10A61000CDE90C019DED0C0BFEF716FE8DED100B38
:10A620007748D0ED020A90ED030A30EEC00A8DEDB6
:10A63000070A0798F6F752F8CDE908019DED080BD7
:10A64000FEF702FE8DED0C0B1C9890ED000A6C4895
:10A65000D0ED010A30EE600A8DED050A0598F6F797
:10A660003DF8CDE906019DED060BFEF7EDFD8DED04
:10A67000080B1FED540B53EC102B9DED080B51EC08
:10A68000100BF5F70DFFCDE90A019DED0C0B53EC16
:10A69000102B9DED0A0B51EC100BF5F701FFCDE9E6
:10A6A0000E019DED100B53EC102B9DED0E0B51EC9C
:10A6B000100BF5F767FFCDE912019DED120B51EC80
:10A6C000100BF6F737F817904D4890ED020AD0EDD1
:10A6D000010A30EE600A8DED0B0A0B98F5F7FEFFCC
:10A6E000CDE90C019DED0C0BFEF7AEFD8DED100BD1
:10A6F0001C9840680990F5F7F1FFCDE90C0140483E
:10A7000090ED020AD0ED030A30EE600A8DED030AE7
:10A710000398F5F7E3FFCDE904019DED040BFEF787
:10A7200093FD8DED080B1C9890ED000A3448D0ED98
:10A73000010A30EE600A8DED010A0198F5F7CEFFAF
:10A74000CDE902019DED020BFEF77EFD8DED040BC0
:10A750001FED8C0B53EC102B9DED040B51EC100BEB
:10A76000F5F79EFECDE906019DED080B53EC102B8D
:10A770009DED060B51EC100BF5F792FECDE90A01A9
:10A780009DED0C0B53EC102B9DED0A0B51EC100BB7
:10A79000F5F7F8FECDE90E019DED100B53EC102BF3
:10A7A0009DED0E0B51EC100BF5F77AFECDE9120181
:10A7B0009DED120B51EC100BF5F7BCFF1890DDED81
:10A7C000150A9DED1A0A20EE800A9DED161ADDEDA0
:10A7D0001B0A01EE200A8DED140A8DED1A0ADDED3B
:10A7E000170A9DED1A0A20EE800A9DED181ADDED7C
:10A7F0001B0A01EE200A8DED1B0A1DB000BD0000F2
:10A80000D4610020F7F74CFFFCF702F8FAF7B2FF2B
:10A81000FAF706FFFBF7D6F8FBF790F8FBF7B0F86E
:10A82000FCF708FE4FF47A70F7F708FEF9F754FCCE
:10A83000FBF7E6F80B231A464C494D48FAF7DCFEC5
:10A84000FBF772FD4B48FCF711FE40F6B830F7F706
:10A85000F5FD49494948FBF7E9FD47494748FBF7FA
:10A86000E5FD45494548FBF7E1FD43494031434893
:10A870004030FBF7DBFD4049803140488030FBF73A
:10A88000D5FD3D49C0313D48C030FBF7CFFD3C49C7
:10A890003C48FBF7CBFD3A4940313A484030FBF7A2
:10A8A000C5FD3749803137488030FBF7BFFD34495B
:10A8B000C0313448C030FBF7B9FD2F4890ED0E0A87
:10A8C000DFED310A80EE201A304880ED001A2A4868
:10A8D00090ED1E0ADFED2C0A80EE201A2B4880ED49
:10A8E000011A254890ED2E0ADFED270A80EE201A86
:10A8F000264880ED021A204890ED3E0ADFED220A3C
:10A9000080EE201A214880ED031A1B4890ED4E0A74
:10A91000DFED1D0A80EE201A1C4880ED041A16484F
:10A9200090ED5E0ADFED180A80EE201A174880EDE0
:10A93000051A114890ED6E0ADFED130A80EE201A19
:10A94000124880ED061A0C4890ED7E0ADFED0E0AE3
:10A9500080EE201A0D4880ED071A00F06BF9FAF727
:10A96000ABFE00F07DF900BFFEE70000685F00204D
:10A970005C5F0020745F0020D0550020D053002081
:10A98000D0560020D05400205C8FCA407461002053
:10A99000F0B50B30154D20F007010024144A0FE0EC
:10A9A00003688B420BD38B4205D95E1A4318476864
:10A9B000C3E9006700E04368136002C004E0021DC1
:10A9C00010680028ECD12046002802D1286808B180
:10A9D0000020F0BD064A07481060074A121A22F00C
:10A9E0000702C0E9002401202860D7E7B80600204C
:10A9F000B4060020046200200064002010B5044664
:10AA000011206061FE202070EE20607094ED0C0A31
:10AA1000B5EEC00AF1EE10FA04D29FED720A84ED91
:10AA20000C0A0CE094ED0C0ADFED6F0AB4EEE00ABC
:10AA3000F1EE10FA03DD9FED6C0A84ED0C0A94ED43
:10AA40000D0AB5EEC00AF1EE10FA04D29FED650AC8
:10AA500084ED0D0A0CE094ED0D0ADFED630AB4EE0F
:10AA6000E00AF1EE10FA03DD9FED5F0A84ED0D0AB6
:10AA700094ED090ADFED5D0AB4EEE00AF1EE10FA9A
:10AA800004D29FED5A0A84ED090A0CE094ED090AFC
:10AA9000DFED570AB4EEE00AF1EE10FA03DD9FEDA8
:10AAA000540A84ED090A94ED0A0ADFED520AB4EE65
:10AAB000E00AF1EE10FA04D29FED4E0A84ED0A0A84
:10AAC0000CE094ED0A0ADFED4C0AB4EEE00AF1EE78
:10AAD00010FA03DD9FED480A84ED0A0A94ED0B0A93
:10AAE000DFED460AB4EEE00AF1EE10FA04D29FED73
:10AAF000430A84ED0B0A0CE094ED0B0ADFED400AEB
:10AB0000B4EEE00AF1EE10FA03DD9FED3D0A84EDAC
:10AB10000B0A94F82000A17860F30301A17094F867
:10AB20002200A17860F30611A17094ED0C0A9FED4C
:10AB3000351AC0EE010A9FED340A20EE800ABDEE00
:10AB4000C00A10EE100A01B2E01CA4F80B1094ED3C
:10AB50000D0A9FED2C1AC0EE010A9FED2B0A20EE84
:10AB6000800ABDEEC00A10EE100A01B2E01CA4F883
:10AB70000D10D4ED0B0A9FED251A80EE810ADFED52
:10AB8000220A20EE200ABDEEC00A10EE100AC4F818
:10AB9000070094ED0A0A9FED1D1AC0EE010A9FED11
:10ABA0001C0A20EE800ABDEEC00A10EE100A01B2A7
:10ABB000E01CA4F8051094ED090ADFED150A20EE5B
:10ABC000200ABDEEC00A10EE100A00B2A4F803007D
:10ABD0000F2221460020FFF7DDF9A4F80F00002026
:10ABE00010BD000000000000C1CACC41E1FAFFC264
:10ABF000E1FAFF42000049C400004944C00FC9C83F
:10AC0000C00FC948CDCCCC4100000047F90FC94066
:10AC10000000804370B50546FCF79AFD10B16FF057
:10AC2000050404E0002415B1284601F0A3F82046ED
:10AC300070BD000010B5FCF78BFD10B16FF005047E
:10AC400009E00648006820B9012004490860002492
:10AC500001E04FF0FF34204610BD00007C000020D2
:10AC600070B5FCF775FD10B16FF005041FE01148D9
:10AC70000068012819D100BF801F0021002804DBD3
:10AC80000A07130E0C4A135406E00A07150E0B4A66
:10AC900000F00F031B1FD55400BF00BF0220054961
:10ACA000086001F095F9002401E04FF0FF342046E0
:10ACB00070BD00007C00002000E400E018ED00E022
:10ACC0002DE9FF4780468946144600200390FCF793
:10ACD0003FFD00284ED1B8F1000F4BD0802618253B
:10ACE0008246471E44B3206808B1D4F800A0A0698A
:10ACF00000B1A5692DB1382D03D8207900F00100ED
:10AD000018B1002004B0BDE8F087606908B160693F
:10AD10008608A06840B1E0685C2805D3206918B1B6
:10AD2000606908B1012708E0A06830B9E06820B97F
:10AD3000206910B9002700E00027012F0CD12169FC
:10AD4000A0684B463246CDE900510290514640463C
:10AD500001F056FE03900DE067B903A8B2B24B466E
:10AD60005146CDE90050404601F018FE012801D0BF
:10AD7000002003900398C5E770B505462E46FCF702
:10AD8000E7FC10B16FF0050407E016B96FF003049B
:10AD900003E00024304601F0D3F8204670BD70B5C2
:10ADA00005462E46FCF7D4FC10B16FF0050407E011
:10ADB00016B96FF0030403E00024304601F064F993
:10ADC000204670BD2DE9F04105460E46164807683D
:10ADD00016480068001D00F045FE681C38B936B101
:10ADE00012480168091D124800F092FE1AE07C1911
:10ADF0000E4800684460BC4207D20C480168091D37
:10AE00000C48006800F06AFE0CE008480168091D63
:10AE10000948006800F062FE08480068844201D2D8
:10AE200006480460BDE8F081400000202C000020AE
:10AE3000EC0F002034000020300000205C000020D7
:10AE400010B5044600F070FE24480068401C2349F9
:10AE500008602348006840B921480460084600683B
:10AE600001280DD100F0FCF90AE01E48006838B94D
:10AE70001B480068C06AE16A884201D8184804602B
:10AE800019480068401C184908600846006860645A
:10AE90001649E06A0968884202D91449E06A0860E4
:10AEA000E16A01EB8101124A02EB8100211D00F0F1
:10AEB0002FFE00F063FE0B48006868B10848006888
:10AEC000C06AE16A884207D24FF0805009490860A1
:10AED000BFF34F8FBFF36F8F10BD00003C00002009
:10AEE0002C000020480000205800002044000020D2
:10AEF0003C0B002004ED00E008B500F015FE124800
:10AF00000068E8B9114800F0D9FD114800F0D6FDFD
:10AF10000E48104908600E480F49086000200F4B8A
:10AF20000F4A102100900A2001F030FA064908600B
:10AF30000846006820B10BA10348006800F0DEFE5F
:10AF400000F01CFE08BD0000700000200010002072
:10AF500014100020680000206C0000202810002041
:10AF600078100020546D72510000000010B516E0FA
:10AF700000F0DAFD0C48C068C468201D00F072FDC6
:10AF80000A480068401E0949086009480068401ED8
:10AF90000749086000F0F2FD204600F05FF8044821
:10AFA00000680028E4D110BDD80F00203C0000202C
:10AFB0003800002070B504460D46206C70B1216C3D
:10AFC000E0680144E160D4E90210884201D32168BD
:10AFD000E1602846226CE168F5F797F970BD2DE92C
:10AFE000F04104460F4615464FF00008A66B206C52
:10AFF00048B9206800282CD1A06801F017FE8046CF
:10B000000020A06025E07DB93946226C6068F5F724
:10B010007CF9216C606808446060D4E901018842D1
:10B0200017D32068606014E03946226CE068F5F7B9
:10B030006CF9216CE068411AE1602168E06888429F
:10B0400003D2216CA068411AE160022D01D106B142
:10B05000761E701CA0634046BDE8F08110B5044622
:10B0600094F8590030B9206B00F0A6FD204600F09E
:10B07000A3FD1AE094F85900012803D1204600F0FE
:10B080009BFD12E094F85900022801D1012000E054
:10B09000002050B900BF502080F31188BFF34F8FBC
:10B0A000BFF36F8F00BF00BFFEE710BD0146084A27
:10B0B000126812680AB9012200E000220A600A68D8
:10B0C00022B9034A1268D268106800E00020704775
:10B0D0006800002030B54FF47053174800F00704A3
:10B0E0002CB1C01D20F00700134C041B1B1B024693
:10B0F000124C22600024114D6C60D018083820F0EA
:10B1000007000F4C206000240D4D2D686C600C4D25
:10B110002D682C601146441A4C60094C24680C6060
:10B12000084D4C682C60084D4C682C604FF0004472
:10B13000064D2C6030BD0000D0170020800000209C
:10B1400088000020900000208C0000209C0000203F
:10B1500000BFFFF70BFF064800680128F9D94FF040
:10B16000805004490860BFF34F8FBFF36F8FF0E743
:10B170003C0B002004ED00E02DE9F04106460D46B1
:10B1800017469846069C0DB9246000E02760E663E8
:10B1900025640121204601F069F984F84C80BDE85E
:10B1A000F0812DE9F05F82460E4690469B460A9F4D
:10B1B0000C9C4FEA8801A522206BF5F7B8F8A8F19E
:10B1C0000100216B01EB800929F0070909F0070054
:10B1D00008B9012000E0002050B900BF502080F3E2
:10B1E0001188BFF34F8FBFF36F8F00BF00BFFEE723
:10B1F00086B1002507E0715D04F134004155705DB2
:10B2000000B902E06D1C102DF5D300BF00214320D2
:10B21000015502E0002084F83400382F00D337278E
:10B22000E762E76400202065201D00F054FC04F173
:10B23000180000F050FC2461C7F13800A06164627E
:10B240000020606584F858005A465146484600F090
:10B250009DFB20600B9808B10B980460BDE8F09F3F
:10B2600010B5002407E004EB84010F4A02EB8100D3
:10B2700000F024FC641C382CF5D30C4800F01EFCB4
:10B280000B4800F01BFC0B4800F018FC0A4800F0CB
:10B2900015FC0A4800F012FC0448094908600448FB
:10B2A0000849086010BD00003C0B00209C0F0020E6
:10B2B000B00F0020C40F0020D80F0020EC0F00209A
:10B2C000300000203400002010B50146164800E090
:10B2D000006803688B42FBD30246436813448B42E9
:10B2E00004D143684C682344436001460A464B68D6
:10B2F00013440468A34211D10C4C03682468A34290
:10B3000008D04B680468646823444B6003681B687A
:10B310000B6005E0054B1B680B6001E003680B60E8
:10B32000884200D0016010BD80000020880000200D
:10B330002DE9F04104460D4616461F464FF0000821
:10B3400065602461B5420CD8F01BA169884202D324
:10B350004FF0010811E0211D0948006800F0BEFB14
:10B360000BE0BE4204D2BD4202D34FF0010804E01C
:10B37000211D0448006800F0B1FB4046BDE8F081A3
:10B380006C0000206800002070B5054600F0CCFB82
:10B39000A86B08B9012400E0002400F0EFFB204670
:10B3A00070BD70B5054600F0BFFBA86BE96B884225
:10B3B00001D1012400E0002400F0E0FB204670BD34
:10B3C000F8B505460F461A480068C068C468201DD5
:10B3D00000F048FB94F8280000F00400E8B1A069F0
:10B3E00041192B463A462046FFF7A2FFD8B100206C
:10B3F00003462A4601460090204601F073FD0646AA
:10B4000056B900BF502080F31188BFF34F8FBFF3B0
:10B410006F8F00BF00BFFEE705E094F8280020F022
:10B42000010084F828002046216A8847F8BD000002
:10B4300068000020F0B587B0A0E00398002811DA7A
:10B4400004AE56B900BF502080F31188BFF34F8F70
:10B45000BFF36F8F00BF00BFFEE7D6E90020B168E1
:10B46000904700BF03980028E6DB059C606908B997
:10B47000012000E0002010B9201D00F0F3FA02A81E
:10B4800000F0DEF8054603980A2875D2DFE800F0E0
:10B4900009050739416306083A4200BF00BF00BFF3
:10B4A00000BF94F8280040F0010084F828000498B8
:10B4B000A269811803462A462046FFF739FFF8B1F2
:10B4C0002046216A884794F8280000F00400B8B1AB
:10B4D000002000900498A1694218002319462046D4
:10B4E00001F000FD074657B900BF502080F31188D6
:10B4F000BFF34F8FBFF36F8F00BF00BFFEE700BFEA
:10B500003BE000BF94F8280020F0010084F82800F8
:10B5100033E000BF94F8280040F0010084F82800D0
:10B520000498A061A06908B1012000E0002050B992
:10B5300000BF502080F31188BFF34F8FBFF36F8F90
:10B5400000BF00BFFEE7A06941192B462A462046EE
:10B55000FFF7EEFE11E094F8280000F0020018B9A1
:10B56000204600F029FB05E094F8280020F00100B7
:10B5700084F8280001E0FFE700BF00BF002203A914
:10B580000448006801F010F900287FF456AF07B0B6
:10B59000F0BD000070000020F8B505460C4600F034
:10B5A000D7FD684600F04CF80646009820BB44B929
:10B5B000B54206D801F0D8FB31462846FFF700FF18
:10B5C0001CE03CB10E480068006808B9012000E0AA
:10B5D00000200446A91B22460A48006800F0A4FB8C
:10B5E00001F0C2FB50B94FF0805007490860BFF32B
:10B5F0004F8FBFF36F8F01E001F0B6FBF8BD000085
:10B600006C0000207000002004ED00E00A49096889
:10B61000096809B9012100E0002121B14FF0FF3193
:10B62000064A116006E004490968C968C868034A07
:10B630004168116070470000300000205C0000206D
:10B6400070B5044601F04AFA05460748006885428D
:10B6500004D200F00BF80120206001E000202060FF
:10B6600001480560284670BD780000202DE9F843A8
:10B6700034E025480068C068056823480068C06851
:10B68000C468201D00F0EEF92046216A884794F82E
:10B69000280000F0040008B3A0694619AE4207D99B
:10B6A00066602461211D1848006800F017FA15E053
:10B6B000002003462A4601460090204601F012FC75
:10B6C000074657B900BF502080F31188BFF34F8F52
:10B6D000BFF36F8F00BF00BFFEE700BF0A480068DE
:10B6E000006808B9012000E000200028C1D0064809
:10B6F000D0F8008005480068034908600348C0F896
:10B700000080BDE8F8830000680000206C00002085
:10B710000E480068401C08B9012000E0002050B924
:10B7200000BF502080F31188BFF34F8FBFF36F8F9E
:10B7300000BF00BFFEE700BF502080F31188BFF3B9
:10B740004F8FBFF36F8F00BF00BFFEE7A000002048
:10B7500010B502460020114652B900BF502383F3B2
:10B760001188BFF34F8FBFF36F8F00BF00BFFEE79D
:10B770000B4C4B69A34201D1012300E0002373B1BC
:10B78000084C8B6AA34201D1012300E0002333B9A6
:10B790008B6A0BB9012300E0002303B1012010BD27
:10B7A000EC0F0020C40F002008B500BF6846FFF76B
:10B7B0007DFC044620460099FFF7EEFEFFF73AFEB7
:10B7C000F4E770B5044600F0AFF994F9455010E085
:10B7D000606A08B9012000E0002038B904F12400B3
:10B7E00001F076FA18B100F069FB00E003E0681E92
:10B7F00045B2002DECDC00BFFF2084F8450000F0CE
:10B80000BDF900F091F994F9445010E0206908B9AD
:10B81000012000E0002048B904F1100001F058FABE
:10B8200008B100F04BFB681E45B200E001E0002DBE
:10B83000ECDC00BFFF2084F8440000F09FF970BDED
:10B840002DE9F04104464FF0000800F081FC494822
:10B85000006808B9FFF73EFC474800682040002810
:10B8600070D1D4B1083404F00700B0B104F007007F
:10B87000C0F10800044404F0070008B9012000E00A
:10B88000002050B900BF502080F31188BFF34F8FC4
:10B89000BFF36F8F00BF00BFFEE7002C52D03748C8
:10B8A000006884424ED8364E3046056801E02E4688
:10B8B0002D686868A04202D228680028F7D12D4878
:10B8C000006885423ED0306800F108082868306082
:10B8D0006868001B102819D92F1907F0070008B94C
:10B8E000012000E0002050B900BF502080F31188F3
:10B8F000BFF34F8FBFF36F8F00BF00BFFEE76868D5
:10B90000001B78606C603846FFF7DEFC1B496868F6
:10B910000968081A19490860084600681949096841
:10B92000884203D2154800681649086012496868C1
:10B930000968084368600020286013480068401CBC
:10B940001149086001F010FA08F0070008B9012059
:10B9500000E0002050B900BF502080F31188BFF3F1
:10B960004F8FBFF36F8F00BF00BFFEE74046BDE8BB
:10B97000F0810000880000209C0000208C00002046
:10B98000800000209000002094000020001F4FF055
:10B9900080730360001F21F001030360001F054B4B
:10B9A000036014380260001F6FF002030360203848
:10B9B0007047000011B7000800B52DED048B83B06F
:10B9C00041EC190BF4F7D7FF41EC180B18EE100AF5
:10B9D00018EE901A8DED008B002818BF0120084347
:10B9E00020F00040C0F17F6000F1E040C00F14D0B3
:10B9F00019EE101A19EE900A8DED009B002918BF60
:10BA00000121084320F00040C0F17F6000F1E040D8
:10BA1000C00F04BF0120FEF775FA51EC180B03B0FC
:10BA2000BDEC048B00BD10B500EE100A2DED028BAD
:10BA3000B1EEC08A18EE100A20F00040C0F1FF40BD
:10BA4000C00F0AD010EE100A20F00040C0F1FF40F5
:10BA5000C00F04BF0120FEF755FA18EE100ABDEC26
:10BA6000028B10BD01460A69D1E901309860D1E925
:10BA7000010358605068884201D1886850600020F6
:10BA800008611068401E106010687047034B036027
:10BA9000034B0B60802313607047000018110020D7
:10BAA00074110020034B0360034B0B604FF4807351
:10BAB0001360704774130020D013002000F10801B8
:10BAC00041604FF0FF31816000F10801C160016108
:10BAD00000210160704700210161704710B50246E6
:10BAE0000B685C1C0CB9106907E002F1080000E06B
:10BAF0004068446824689C42FAD944684C604C68A9
:10BB0000A160886041600A611468641C146010BD03
:10BB100042684A6093688B609368596091600861DD
:10BB200003685B1C0360704700BF502080F31188DE
:10BB3000BFF34F8FBFF36F8F00BF0E480068401CEC
:10BB40000C49086008460068012812D10A480068BC
:10BB5000C0B208B9012000E0002050B900BF502059
:10BB600080F31188BFF34F8FBFF36F8F00BF00BF0B
:10BB7000FEE77047A000002004ED00E00D480068DB
:10BB800050B900BF502080F31188BFF34F8FBFF32F
:10BB90006F8F00BF00BFFEE706480068401E0549E2
:10BBA00008600846006820B9002080F3118800BFB3
:10BBB00000BF7047A000002070B506463546002E35
:10BBC00044D0083D2C46224960680968084008B105
:10BBD000012000E0002050B900BF502080F3118800
:10BBE000BFF34F8FBFF36F8F00BF00BFFEE720682A
:10BBF00008B9012000E0002050B900BF502080F3B8
:10BC00001188BFF34F8FBFF36F8F00BF00BFFEE7F8
:10BC10000F49606809680840C0B12068B0B90C4994
:10BC2000606809688843606000F092FA09496068BA
:10BC300009680844074908602046FFF745FB0648A5
:10BC40000068401C0449086001F08EF870BD0000D7
:10BC50009C0000208C0000209800002000204FF065
:10BC6000E02108618861064800684FF47A71B0FBF2
:10BC7000F1F0401E4FF0E021486107200861704755
:10BC80002800002070B5F4F7F9FA0446102C16D3FA
:10BC900004F1E02090F8F05315480078854201DB6C
:10BCA000012000E0002050B900BF502080F311882F
:10BCB000BFF34F8FBFF36F8F00BF00BFFEE70D488C
:10BCC000006800F4E0600C490968884201D801204E
:10BCD00000E0002050B900BF502080F31188BFF36E
:10BCE0004F8FBFF36F8F00BF00BFFEE770BD000036
:10BCF000A40000200CED00E0A80000200246002077
:10BD00000BE0084B53F8303033B9064B43F8301092
:10BD100003EBC0035A6002E0401C0828F1D300BFC7
:10BD200070470000FC0A00202DE9F04105460E4650
:10BD300017462C46FFF7F8FE94F94400401C10B952
:10BD4000002084F8440094F94500401C10B90020FC
:10BD500084F84500FFF712FFA06B28B93A46314638
:10BD600004F1240000F0CCF82046FFF72AFDBDE8DE
:10BD7000F081000070B504460025D4B11248006877
:10BD800008B9012000E0002050B900BF502080F326
:10BD90001188BFF34F8FBFF36F8F00BF00BFFEE767
:10BDA00000F0D6F900212046FFF70CF800F0DCFF88
:10BDB00005463DB94FF0805004490860BFF34F8FEE
:10BDC000BFF36F8F70BD00006400002004ED00E041
:10BDD0002DE9F04704460F464FF0000954B900BF63
:10BDE000502080F31188BFF34F8FBFF36F8F00BFD8
:10BDF00000BFFEE70FB1012000E0002050B900BFF6
:10BE0000502080F31188BFF34F8FBFF36F8F00BFB7
:10BE100000BFFEE72048006808B9012000E00020CC
:10BE200050B900BF502080F31188BFF34F8FBFF38C
:10BE30006F8F00BF00BFFEE700F08AF91748066861
:10BE40002068C5192068B04207D92068A8420BD9DC
:10BE5000B54209D94FF0010906E02068A84201D88F
:10BE6000B54201D94FF001092560B9F1000F03D0A7
:10BE7000A81B0021FEF7A6FF00F076FF8046B8F170
:10BE8000000F07D14FF0805005490860BFF34F8F76
:10BE9000BFF36F8FBDE8F0876400002040000020F2
:10BEA00004ED00E003490968016003490968416045
:10BEB000704700005400002040000020012001498C
:10BEC000086070475000002070B504460D4654B914
:10BED00000BF502080F31188BFF34F8FBFF36F8FE7
:10BEE00000BF00BFFEE70548016818312046FFF794
:10BEF000F5FD01212846FEF765FF70BD2C000020EE
:10BF000070B505460E46144655B900BF502080F363
:10BF10001188BFF34F8FBFF36F8F00BF00BFFEE7E5
:10BF20000648016818312846FFF7F2FD0CB14FF0C2
:10BF3000FF3621463046FEF745FF70BD2C0000203D
:10BF400070B505462C4655B900BF502080F31188C6
:10BF5000BFF34F8FBFF36F8F00BF00BFFEE71848DE
:10BF6000006884422AD04CB3FFF7DEFD2046FFF77D
:10BF7000EFFB08B3201DFFF775FD1249E06A096861
:10BF8000884202D90F49E06A0860E16A01EB810149
:10BF90000D4A02EB8100211DFFF7BAFD0849E06A56
:10BFA0000968C96A884207D34FF080500749086082
:10BFB000BFF34F8FBFF36F8FFFF7E0FD70BD000041
:10BFC0002C000020440000203C0B002004ED00E089
:10BFD00010B586B000200590049003AA04A905A816
:10BFE000FFF754FD0022DDE904101346CDE90021DE
:10BFF00002901EA11F48039A00F002FD1E4908602E
:10C000000846006808B1012400E00024012C02D198
:10C0100000F02CFF0446012C15D100BF502080F306
:10C020001188BFF34F8FBFF36F8F00BF4FF0FF300A
:10C030001249086001201249086000201149086077
:10C0400000F0D6F810E0601C08B1012000E00020EC
:10C0500050B900BF502080F31188BFF34F8FBFF35A
:10C060006F8F00BF00BFFEE706B010BD49444C45CE
:10C070000000000051B10008600000205C000020BA
:10C08000480000204000002070B50546FFF74CFD39
:10C0900015B92948006800E028460446201DFFF72E
:10C0A000E1FCA06A18B104F11800FFF7DBFC211DC8
:10C0B0002248FFF72DFD94F85800012802D10020F6
:10C0C00084F85800FFF75AFD1D48006828B1FFF7B3
:10C0D0002BFDFFF79BFAFFF751FD174800688442DC
:10C0E00029D117480068D0B11648006808B9012066
:10C0F00000E0002050B900BF502080F31188BFF34A
:10C100004F8FBFF36F8F00BF00BFFEE74FF080502F
:10C110000D490860BFF34F8FBFF36F8F0BE00748E7
:10C1200000680A490968884203D100200249086072
:10C1300001E000F015F870BD2C000020EC0F00208D
:10C14000480000206400002004ED00E03C000020D6
:10C1500002480068401C01490860704764000020E4
:10C160001E48006818B101201D49086034E0002015
:10C170001B4908601B4801680CE051B900BF502002
:10C1800080F31188BFF34F8FBFF36F8F00BF00BFE5
:10C19000FEE7491E01EB8100134A52F8200008B95E
:10C1A000012000E000200028E7D101EB81020E4BC6
:10C1B00003EB820042685268426000F10802436863
:10C1C000934202D14268526842604268D268074B8B
:10C1D0001A600448016000BF70470000640000203E
:10C1E00050000020440000203C0B00202C000020C8
:10C1F0001CB5524800685249884201D0012000E035
:10C20000002050B900BF502080F31188BFF34F8F3A
:10C21000BFF36F8F00BF00BFFEE748480068484982
:10C22000491E884201D0012000E0002050B900BF23
:10C23000502080F31188BFF34F8FBFF36F8F00BF83
:10C2400000BFFEE73F49084600780190FF200A46FC
:10C2500010700846007800909DF8000000F0F00093
:10C260009DF80020904201D1012000E0002050B94B
:10C2700000BF502080F31188BFF34F8FBFF36F8F43
:10C2800000BF00BFFEE79DF8000000F050002E4AFE
:10C29000107007202D4A106009E02C480068401EED
:10C2A0002A4A10609DF800004006000E00909DF89C
:10C2B000000000F080008028EFD024480068C0F122
:10C2C0000700042801D1012000E0002050B900BF80
:10C2D000502080F31188BFF34F8FBFF36F8F00BFE3
:10C2E00000BFFEE7194800680002184A10601046B7
:10C2F000008800F4E0601060124A019810700F4846
:10C300002030006840F470000C4920310860084675
:10C31000006840F070400860FFF7A0FC00200C4966
:10C320000860F3F773FF0B48006840F0404009498C
:10C330000860F3F757FF00201CBD000000ED00E08F
:10C3400071C20F4100E400E0A4000020A80000201A
:10C35000A000002034EF00E010B500BF502080F3B3
:10C360001188BFF34F8FBFF36F8F00BF00F0BCFB8E
:10C3700018B14FF080500449086000BF002080F3DE
:10C38000118800BF10BD000004ED00E02DE9F84366
:10C3900080460E4617461D46DDF82090B8F1000F86
:10C3A00001D0012000E0002050B900BF502080F3F0
:10C3B0001188BFF34F8FBFF36F8F00BF00BFFEE741
:10C3C0000DB1012000E0002050B900BF502080F3E3
:10C3D0001188BFF34F8FBFF36F8F00BF00BFFEE721
:10C3E00007B10EB1012000E0002050B900BF50207D
:10C3F00080F31188BFF34F8FBFF36F8F00BF00BF73
:10C40000FEE707B90EB9012000E0002050B900BFD7
:10C41000502080F31188BFF34F8FBFF36F8F00BFA1
:10C4200000BFFEE7502000900098502801D1012065
:10C4300000E0002050B900BF502080F31188BFF306
:10C440004F8FBFF36F8F00BF00BFFEE700BF2C46CA
:10C450004CB1012084F846004B463A4631464046EE
:10C460000094FEF789FE2046BDE8F88370B50546C6
:10C470000E462C4654B900BF502080F31188BFF3FC
:10C480004F8FBFF36F8F00BF00BFFEE7FFF74CFB7E
:10C49000D4E90F12206801FB0200A0600020A06315
:10C4A00020686060E06B401E226C216800FB021176
:10C4B000E160FF2084F8440084F845009EB92069BB
:10C4C00008B9012000E00020A8B904F1100000F034
:10C4D000FFFB80B14FF0805009490860BFF34F8FD8
:10C4E000BFF36F8F07E004F11000FFF7E7FA04F1E4
:10C4F0002400FFF7E3FAFFF741FB012070BD0000C5
:10C5000004ED00E02DE9FF4383B0064688461D4652
:10C510004FF00009344654B900BF502080F3118811
:10C52000BFF34F8FBFF36F8F00BF00BFFEE7B8F1BF
:10C53000000F01D1206C08B9012000E0002050B9A3
:10C5400000BF502080F31188BFF34F8FBFF36F8F70
:10C5500000BF00BFFEE7022D02D1E06B012801D130
:10C56000012000E0002050B900BF502080F3118866
:10C57000BFF34F8FBFF36F8F00BF00BFFEE700F028
:10C580009DFA08B9059808B9012000E0002050B9CB
:10C5900000BF502080F31188BFF34F8FBFF36F8F20
:10C5A00000BF00BFFEE700BFFFF7BEFAA06BE16B64
:10C5B000884201D3022D28D12A4641462046FEF763
:10C5C0000EFD0746606A08B9012000E0002068B946
:10C5D00004F1240000F07CFB88B14FF08050324918
:10C5E0000860BFF34F8FBFF36F8F08E03FB14FF08C
:10C5F00080502D490860BFF34F8FBFF36F8FFFF757
:10C60000BDFA012007B0BDE8F083059818B9FFF71F
:10C61000B5FA0020F6E7B9F1000F04D101A8FFF741
:10C6200041FC4FF00109FFF7A9FAFFF791FDFFF771
:10C630007BFA94F94400401C10B9002084F84400AF
:10C6400094F94500401C10B9002084F84500FFF71C
:10C6500095FA05A901A800F05BF9F0B92046FEF7AC
:10C66000A0FEA0B104F110000599FFF72DFC2046B3
:10C67000FFF7A7F800F078FB002895D14FF0805025
:10C6800009490860BFF34F8FBFF36F8F8CE72046D7
:10C69000FFF797F800F068FB86E72046FFF791F870
:10C6A00000F062FB0020ADE704ED00E02DE9F84F5B
:10C6B00007468A4690461E463C4654B900BF502065
:10C6C00080F31188BFF34F8FBFF36F8F00BF00BFA0
:10C6D000FEE7BAF1000F01D1206C08B9012000E09B
:10C6E000002050B900BF502080F31188BFF34F8F56
:10C6F000BFF36F8F00BF00BFFEE7022E02D1E06BD9
:10C70000012801D1012000E0002050B900BF5020D5
:10C7100080F31188BFF34F8FBFF36F8F00BF00BF4F
:10C72000FEE7FFF7AFFA00BF5021EFF3118081F36E
:10C730001188BFF34F8FBFF36F8F00BF0546A06B0B
:10C74000E16B884201D3022E25D194F945B0A06B4C
:10C750000090324651462046FEF741FC0BF10100A5
:10C7600088B9606A08B9012000E0002050B904F1DE
:10C77000240000F0ADFA28B1B8F1000F02D001207A
:10C78000C8F8000004E00BF1010040B284F8450055
:10C790004FF0010901E04FF0000900BF85F3118857
:10C7A00000BF4846BDE8F88F2DE9F74183B0054644
:10C7B0000E464FF000082C4654B900BF502080F3BD
:10C7C0001188BFF34F8FBFF36F8F00BF00BFFEE72D
:10C7D0000EB9206C08B9012000E0002050B900BF5C
:10C7E000502080F31188BFF34F8FBFF36F8F00BFCE
:10C7F00000BFFEE700F062F908B9059808B901200A
:10C8000000E0002050B900BF502080F31188BFF332
:10C810004F8FBFF36F8F00BF00BFFEE700BFFFF772
:10C8200083F9A76BF7B131462046FEF7C3FB781EAC
:10C83000A063206908B9012000E0002060B904F17C
:10C84000100000F045FA38B14FF080502F490860D1
:10C85000BFF34F8FBFF36F8FFFF790F9012006B042
:10C86000BDE8F081059818B9FFF788F90020F6E7D0
:10C87000B8F1000F04D101A8FFF714FB4FF0010835
:10C88000FFF77CF9FFF764FCFFF74EF994F94400D9
:10C89000401C10B9002084F8440094F94500401C65
:10C8A00010B9002084F84500FFF768F905A901A830
:10C8B00000F02EF8F0B92046FEF766FDA0B104F1B5
:10C8C00024000599FFF700FB2046FEF77AFF00F0F1
:10C8D0004BFA0028A3D14FF080500C490860BFF3F9
:10C8E0004F8FBFF36F8F9AE72046FEF76AFF00F085
:10C8F0003BFA94E72046FEF764FF00F035FA204645
:10C90000FEF742FD00288AD00020A8E704ED00E0F1
:10C9100070B505460C4655B900BF502080F311880C
:10C92000BFF34F8FBFF36F8F00BF00BFFEE754B957
:10C9300000BF502080F31188BFF34F8FBFF36F8F7C
:10C9400000BF00BFFEE7FFF7EFF812480268686813
:10C95000131A2068401C08B9002617E00E49286801
:10C960000968884204D06868904201D801260DE029
:10C970002068984207D92068C01A20602846FFF72F
:10C9800091FA002602E0002020600126FFF7F6F869
:10C99000304670BD40000020540000202DE9FF4FBC
:10C9A00085B0804689461746DDE912ABB800FEF730
:10C9B00047FF064656B15C20FEF742FF04460CB125
:10C9C000266304E03046FFF7F7F800E000248CB15E
:10C9D000002084F85900CDE900ABCDE902403A4689
:10C9E00049464046089BFEF7DCFB2046FEF728FA46
:10C9F000012501E04FF0FF35284609B0BDE8F08F72
:10CA00002DE9F04F85B00746884691469A46DDE904
:10CA10000EB6109C0EB1012000E0002050B900BFFE
:10CA2000502080F31188BFF34F8FBFF36F8F00BF8B
:10CA300000BFFEE70CB1012000E0002050B900BFAC
:10CA4000502080F31188BFF34F8FBFF36F8F00BF6B
:10CA500000BFFEE75C20039003985C2801D1012011
:10CA600000E0002050B900BF502080F31188BFF3D0
:10CA70004F8FBFF36F8F00BF00BFFEE700BFB4B1A1
:10CA8000AEB125462C462E63022085F859000020C1
:10CA900004A953464A46CDE900B1CDE902504146CA
:10CAA0003846FEF77EFB2846FEF7CAF901E0002073
:10CAB0000490049805B0BDE8F08F000005490968AE
:10CAC00009B9012005E00449096809B9022000E01C
:10CAD00000207047480000206400002001490868D9
:10CAE00070470000400000202DE9F0414FF00008A1
:10CAF0004348006800287BD142480068451C4148F3
:10CB0000056015BB40480068006808B9012000E0D6
:10CB1000002050B900BF502080F31188BFF34F8F21
:10CB2000BFF36F8F00BF00BFFEE737480768374885
:10CB30000068354908603548076035480068401C82
:10CB400033490860FEF762FD00BF32480068854245
:10CB50003BD300BF2C480068006808B9012000E002
:10CB6000002020B14FF0FF302A4908602CE0264811
:10CB70000068C068C4686668B54202D2254806608D
:10CB800022E0201DFEF76EFFA06A18B104F1180024
:10CB9000FEF768FF2049E06A0968884202D91E4909
:10CBA000E06A0860E16A01EB81011C4A02EB810046
:10CBB000211DFEF7ADFF1A49E06A0968C96A88427B
:10CBC000C8D34FF00108C5E700BF15480068C06A28
:10CBD00000EB8000114951F82000012801D94FF0E5
:10CBE00001081048006808B14FF0010805E0FFE7B0
:10CBF0000D480068401C0C4908604046BDE8F081C3
:10CC0000640000204000002030000020340000209C
:10CC1000540000205C000020440000203C0B002059
:10CC20002C000020500000204C00002070B505466C
:10CC30002C460026002D43D022480068844201D1B2
:10CC4000012000E0002050B900BF502080F311887F
:10CC5000BFF34F8FBFF36F8F00BF00BFFEE7206DA4
:10CC600050B900BF502080F31188BFF34F8FBFF33E
:10CC70006F8F00BF00BFFEE7206D401E2065E16C96
:10CC8000E06A88421CD0206DD0B9201DFEF7EAFE74
:10CC9000E06CE062E06AC0F13800A0610A49E06A35
:10CCA0000968884202D90849E06A0860E16A01EB34
:10CCB0008101064A02EB8100211DFEF729FF0126B2
:10CCC000304670BD2C000020440000203C0B0020AA
:10CCD00070B50646F068C46854B900BF502080F3B0
:10CCE0001188BFF34F8FBFF36F8F00BF00BFFEE708
:10CCF00004F11800FEF7B6FE15480068A0B9201D23
:10CD0000FEF7B0FE1349E06A0968884202D911496A
:10CD1000E06A0860E16A01EB81010F4A02EB8100E1
:10CD2000211DFEF7F5FE04E004F118010B48FEF7A3
:10CD3000EFFE0B49E06A0968C96A884204D90125F7
:10CD400001200849086000E00025284670BD000069
:10CD500064000020440000203C0B0020C40F002091
:10CD60002C0000205000002070B50024002636481A
:10CD7000006850B900BF502080F31188BFF34F8F77
:10CD8000BFF36F8F00BF00BFFEE7FEF7CDFE2E485A
:10CD90000068401E2C4908600846006800284ED1F3
:10CDA0002A48006800284AD023E02948C068C4689F
:10CDB00004F11800FEF756FE201DFEF753FE25492C
:10CDC000E06A0968884202D92249E06A0860E16A9B
:10CDD00001EB8101204A02EB8100211DFEF798FE44
:10CDE0001E49E06A0968C96A884202D301201C49C9
:10CDF00008601748006808B9012000E000200028FA
:10CE0000D3D00CB1FEF702FC1648056865B100BF2F
:10CE1000FFF76AFE10B10120114908606D1E002D58
:10CE2000F6D100200F4908600D48006838B101268E
:10CE300030070D490860BFF34F8FBFF36F8FFEF7C8
:10CE40009DFE304670BD0000640000203C000020C4
:10CE5000C40F0020440000203C0B00202C000020C8
:10CE6000500000204C00002004ED00E010B586B01A
:10CE70000024FEF741F816480068D0B10020059064
:10CE8000049003AA04A905A8FEF70CFE0222DDE91E
:10CE900004100023CDE9002102900EA10F48039A4F
:10CEA000FFF7AEFD0E4908600846006800B1012496
:10CEB00000BF54B900BF502080F31188BFF34F8FDB
:10CEC000BFF36F8F00BF00BFFEE7204606B010BD66
:10CED00070000020546D722053766300A9B70008DB
:10CEE000740000202DE9FF4704460D4616461F46F4
:10CEF000DDF830804FF0000954B900BF502080F3B6
:10CF00001188BFF34F8FBFF36F8F00BF00BFFEE7E5
:10CF10001448006810B3009501960294062D15DAA6
:10CF2000FFF7CCFD022808D10023424669460D4890
:10CF30000068FFF7E7FA814610E000231A466946C9
:10CF400008480068FFF7DEFA814607E000233A460A
:10CF5000694604480068FFF7A9FB8146484604B0CB
:10CF6000BDE8F0877000002050D6000800000000E7
:10CF700000000000000000000000000000080000A9
:10CF80001C000000000000000000000060D6000847
:10CF90000000000000000000000000000000000091
:10CFA000000800001B00000000000000000000005E
:10CFB0007CD6000800000000000000000000000017
:10CFC00000000000000800001A000000000000003F
:10CFD0000000000074D600080000000000000000FF
:10CFE0000000000000000000000200001900000026
:10CFF00000000000000000006CD6000800000000E7
:10D00000000000000000000000000000000200001E
:10D0100019000000000000000000000058D60008C1
:10D020000000000000000000000000000000000000
:10D0300000080000180000000000000000000000D0
:10D0400084D600080000000000000000000000007E
:10D0500000000000000800001700000000000000B1
:10D060000000000000061016000610160000000068
:10D070000000000001020304060708090000000088
:10D08000010203040000891112239B322446AD578C
:10D090003665BF74488CC19D5AAFD3BE6CCAE5DB00
:10D0A0007EE9F7F88110080193331A22A5562C4720
:10D0B000B7753E64C99C408DDBBF52AEEDDA64CBE0
:10D0C000FFF976E802218B30100299132667AF76BC
:10D0D0003444BD554AADC3BC588ED19F6EEBE7FAC0
:10D0E0007CC8F5D983310A2091121803A7772E66E0
:10D0F000B5543C45CBBD42ACD99E508FEFFB66EAA0
:10D10000FDD874C904428D5316619F702004A9157F
:10D110003227BB364CCEC5DF5EEDD7FC6888E1997F
:10D120007AABF3BA85520C4397711E60A11428059F
:10D13000B3373A26CDDE44CFDFFD56ECE99860895F
:10D14000FBBB72AA06638F7214409D512225AB343B
:10D150003006B9174EEFC7FE5CCCD5DD6AA9E3B83F
:10D16000788AF19B87730E6295501C41A3352A245F
:10D17000B1163807CFFF46EEDDDC54CDEBB962A81F
:10D18000F99A708B088481951AA793B62CC2A5D3FF
:10D190003EE1B7F04008C919522BDB3A644EED5F0F
:10D1A000766DFF7C899400859BB712A6ADD224C30F
:10D1B000BFF136E0C1184809D33B5A2AE55E6C4FEF
:10D1C000F77D7E6C0AA583B4188691972EE3A7F2AB
:10D1D0003CC0B5D14229CB38500AD91B666FEF7ECF
:10D1E000744CFD5D8BB502A499961087AFF326E2CF
:10D1F000BDD034C1C3394A28D11A580BE77F6E6EAF
:10D20000F55C7C4D0CC685D71EE597F42880A1916E
:10D210003AA3B3B2444ACD5B5669DF78600CE91D8E
:10D22000722FFB3E8DD604C79FF516E4A99020818E
:10D23000BBB332A2C55A4C4BD7795E68E11C680D6E
:10D24000F33F7A2E0EE787F61CC495D52AA1A3B02A
:10D250003882B193466BCF7A5448DD59622DEB3C4E
:10D26000700EF91F8FF706E69DD414C5ABB122A04E
:10D27000B9923083C77B4E6AD5585C49E33D6A2C2E
:10D28000F11E780FCDCC4C3E0000000000000000E5
:10D2900000000000401A0000D0070000000000005D
:10D2A00000000000000088410000F0C1000088413B
:10D2B0000000F0C1000088410000F0C1000088417A
:10D2C0000000F0C1000070410000A0C100007041EA
:10D2D000000004C2000070410000A0C100007041C5
:10D2E000000004C2000050410000F0C100005041A5
:10D2F0000000C8C1000050410000F0C100005041D2
:10D300000000C8C100005041000070C10000504141
:10D31000000070C100005041000070C10000504189
:10D32000000070C100007041000020C10000704189
:10D33000000020C1000070410000E0C0000070410A
:10D340000000E0C000000000555555555555C53F3B
:10D350007D6FEB0312D6D4BF5544880E55C1C93F2B
:10D360003B8F68B52882A4BF88B20175E0EF493FC2
:10D3700009F7FD0DE13D023F4B2D8A1C273A03C002
:10D38000C88A599CE52A004059018D1B6C06E6BFEE
:10D3900082922EB1C5B8B33F555555555555C53F29
:10D3A0007D6FEB0312D6D4BF5544880E55C1C93FDB
:10D3B0003B8F68B52882A4BF88B20175E0EF493F72
:10D3C00009F7FD0DE13D023F4B2D8A1C273A03C0B2
:10D3D000C88A599CE52A004059018D1B6C06E6BF9E
:10D3E00082922EB1C5B8B33F4FBB610567ACDD3F3C
:10D3F000182D4454FB21E93F9BF681D20B73EF3F7C
:10D40000182D4454FB21F93FE2652F227F2B7A3CF3
:10D41000075C143326A6813CBDCBF07A8807703CAC
:10D42000075C143326A6913CC4EB98999999C9BF1F
:10D43000711623FEC671BCBF6D9A74AFF2B0B3BF54
:10D440009AFDDE522DDEADBF2F6C6A2C44B4A2BF14
:10D450000D5555555555D53FFF8300922449C23F80
:10D460006E204CC5CD45B73F513DD0A0660DB13FB4
:10D47000EB0D76244B7BA93F11DA22E33AAD903FC6
:10D48000000000000000F03F000000000000F83F36
:10D4900000000000000000000000004003B8E23F70
:10D4A000000000000000000006D0CF43EBFD4C3E22
:10D4B000033333333333E33FFFAB6FDBB66DDB3F17
:10D4C0004D268F515555D53F01411DA96074D13F5F
:10D4D00065DBC9934A86CD3FEF4E454A287ECA3F59
:10D4E0003E5555555555C53F93BDBE166CC166BFDB
:10D4F0002CDE25AF6A56113FF16BD2C541BDBBBED4
:10D50000D0A4BE726937663E4C5555555555A53F5A
:10D510007751C1166CC156BF9015CB19A001FA3EC8
:10D52000AD529C804F7E92BEC4B1B4BD9EEE213EF2
:10D53000D43888BEE9FAA8BD000000000000000051
:10D5400000004054FB21F93F3163621A61B4D03DC1
:10D550000000601A61B4D03D7370032E8A19A33B9A
:10D560000000002E8A19A33BC14920259A837B39EC
:10D5700000000000000000006E83F9A22915444E4F
:10D58000D15727FCC0DD34F5999562DB4190433CCF
:10D59000AB6351FE61C5BBDE3A6E24B7E0D24D42AB
:10D5A000EA2E49061C92D1091CEB1DFE3EA729B1AB
:10D5B000F53582E88444BB2E26709CE9417E5FB439
:10D5C00039D69139F43953838B5F849C3B28F9BD5C
:10D5D000FF97F81F0F9805DE8B112FEF1F6D0A5A6A
:10D5E000CF7E366DB709CB27663F464F2DEA5F9E4B
:10D5F000C7BA27757BF1E5EBF739073DEA92528A06
:10D60000B15FFB6B085D8D1F000000006E83F9A207
:10D610002915444ED15727FCC0DD34F5999562DBBE
:10D620004190433CAB6351FEA6F810111111813FAC
:10D63000D561C119A0012ABF7DFEB157E31DC73EC8
:10D64000EB9C2B8AE6E55ABE7CD5CF5A3AD9E53D0C
:10D650004148525300000000506F737475726500AA
:10D6600052656D6F4374726C000000004A756D70F6
:10D67000000000005374616E647570004D6F746F2C
:10D680007200000050726F6365737300ACD60008BF
:10D6900000000020C00600003C0A0008F0D7000887
:10D6A000C006002040610000F49E000801203210F6
:10D6B0004201037524F41AAA01811601FFAA01018F
:10D6C00019051A0405311DFFAA0406052A24142A87
:10D6D000240F18086988B5FFAA02080A7303090015
:10D6E000091A80060278800603776378415AC808D1
:10D6F0005AB008110993105C66668A105B4040E2DC
:10D70000663E9A99993E6AA02C918DCDCCCC3D1C59
:10D71000300B20419A99D9409A99193F19041A80DF
:10D72000441A84181AB8041AE00C395419041A80DF
:10D730005069605AA81C0A11A01C49541DCDCC9CEC
:10D74000406829841954292C2954291C1A68047A00
:10D75000401C1CCDCC0C1C2914691C1A801C5A4C72
:10D76000389AD01C2A20C8296439A8194019081AE7
:10D770002814FA90E0A10B14C07F0409561C69C458
:10D7800029A43A80A829D04914096E8C1AA8742AB1
:10D79000400419801119044B803E8C09561C1A80D4
:10D7A000185A101C29FC0E21803E6666661C0A353C
:10D7B000901C1AB8181AE00C698C111920390C0940
:10D7C000111C29A8093E1C29FC291C0A69A01C411E
:10D7D000898C0C57CDCC4C1C7208F20113A9761B16
:10D7E000089104891C1A60445A8048015402410778
:04000005080001AD41
:00000001FF
